resource_state,name,distance,moving_time,elapsed_time,total_elevation_gain,type,sport_type,id,start_date,start_date_local,timezone,utc_offset,location_city,location_state,location_country,achievement_count,kudos_count,comment_count,athlete_count,photo_count,trainer,commute,manual,private,visibility,flagged,gear_id,start_latlng,end_latlng,average_speed,max_speed,has_heartrate,heartrate_opt_out,display_hide_heartrate_option,upload_id,external_id,from_accepted_tag,pr_count,total_photo_count,has_kudoed,athlete.id,athlete.resource_state,map.id,map.summary_polyline,map.resource_state,workout_type,average_watts,kilojoules,device_watts,elev_high,elev_low,upload_id_str,average_cadence
2,Prepartido Semana 3 | 5/5,0.0,1092,1092,0.0,Workout,Workout,5191209705,2021-04-25T15:06:57Z,2021-04-25T17:06:57Z,(GMT+01:00) Europe/Madrid,7200.0,,,,0,2,0,1,0,False,False,True,False,everyone,False,,[],[],0.0,0.0,False,False,False,,,False,0,0,False,41979529,1,a5191209705,,2,,,,,,,,
2,Trialeras Con Pinchazo Semana 3 | 4/5,22077.4,8009,13947,847.9,Ride,Ride,5185441890,2021-04-24T13:55:04Z,2021-04-24T15:55:04Z,(GMT+01:00) Europe/Madrid,7200.0,,,,92,4,0,4,0,False,False,False,False,everyone,False,b8993821,"[41.462053, 2.249755]","[41.476355, 2.234031]",2.757,18.0,False,False,False,5525905640.0,9fb1da25-89f8-4968-bb65-683748e62bab-activity.fit,False,39,0,False,41979529,1,a5185441890,y`a|F}kvLV`@@nB]n@dA`BmAPMZx@hCZR`@~A@fAjAhAdF~I}@p@iACkCbAaGx@oI|Fk@fBoBlBQnAjCjGTlAoB|AFn@Ql@Q?U|AuBv@{BjD_BhEuCrB~A|@jBPFh@kAlBoJhHwFl@i@fCpCnA|@Jj@z@yAjBmCzG}BlD{BbJFvA?rAoChDwEz@gCrAiC?{@aA}AMgAk@[wDV_FmCYk@V}HtJuCr@e@x@JI}BEeAfA_AwAsF|AcDDaBm@qCFuAq@qDk@_@We@aBsBaEaF_EeAeEwC{AYPBVsA`@wCwBsCeCmE_F}AaENsBuBiFYJRpDaC`BMh@fD|Il@`Km@vDLKaC\EeCeFiEH}Cq@u@{@HUd@v@jAW|Br@hF[xAs@DmDsDkAc@aAPHPWLo@jCLb@WPqAa@kAuBaC{Bs@gEmBwDwByA_A{B}BvCuAJy@`DJFe@sAaAq@_DgFJRsAoCqEOyA`ByAHyAlA^Ud@kBbA}At@aEtAeBA]w@Ei@y@gB?_AjBiBtA}FBwAp@}Ac@cBPmBm@rC}AtAwCjEeCpBg@xA{B`@eDdAuAv@Yn@Ax@hA`FFdB`@vDrC~@m@\yEfHnDfC_Dp@QrB`CzCB~E`CdBKM{CvAqBViAm@oBaEeA{CsA{BwAo@gAgCQD[THcA{@k@NYt@?j@j@vAI`@_@@w@k@WgCfBwBbAG~FpAtEPzC~@W_AVsCcGuFV_ApBe@x@aAm@{BBcBmBuAW_Br@mA~@OnBqArGxGb@Jp@o@xA]U_DRaB^aAx@Ur@_Bu@sEUsCT_B|@u@tB~AbCHN_@CyB[_AVwAwAeH@oC@bC`CdGp@l@?bDxBjFaA|@}@bB}@MDd@n@h@nCYgB|Ae@rAj@vHq@xBIzA|@pHm@zA^nD@x@w@zC?hDa@dB@xFeAp@Kz@Xd@uA~EKlF[zAq@dAf@vB?nCyB|AIj@d@tB`ChFAd@OMXXTxAhAl@bBxCW`CwA`AiB\RnAz@r@~A~CfBlB|Az@XlA\k@@yCjBlAZ{@NwBWwB~AgDzBaD`Cu@nANVw@jAe@bB\j@yEbAe@l@kBtGu@PiAQqC|@wEKy@~@^PbC^`AdA@pBdB`B[xAcBx@z@l@CxAkApAUz@aAvBv@tFRt@OnDuLXe@oDbKYnARLODaA}DFwB^sAn@s@xEK,2,10.0,142.0,1137.5,False,458.9,47.9,5525905640,
2,Pinchazo :( Semana 3 | 3/5,8444.5,4793,7540,141.4,Ride,Ride,5179205013,2021-04-23T16:04:07Z,2021-04-23T18:04:07Z,(GMT+01:00) Europe/Madrid,7200.0,,,,2,2,0,2,0,False,False,False,False,everyone,False,b8993821,"[41.462082, 2.249795]","[41.462066, 2.24974]",1.762,11.3,False,False,False,5519422561.0,085bdc78-ce42-44fc-b678-299da2aea91e-activity.fit,False,1,0,False,41979529,1,a5179205013,_aa|FelvLHVBQHLX`ALdDAd@kATOR?Lj@|@Zr@RVDERz@?N?MMa@II@\RXHTPGIt@BTTb@|ElIp@~@FVe@VqAF}Af@sAXcCb@WGyA\wBvAkAh@uB~As@RORe@nAcBhB?JHTBn@tCvHHp@sB|AE\L`@@Gs@l@]r@}BfCa@r@ANgAvAo@vBk@tAiBbAm@d@j@JzAFlBh@AFq@pAcAjAc@^S^q@ZuC|B]LqA|@mCh@eAEMPc@`B@PJLjAPt@z@`@BCEEBZBb@Vl@lAlCHFNF|@N`ARTNd@j@`@@RW^Kj@KN_@DKPGd@[b@GTA~@SfABvAGHUEi@_@]k@[CSPSdAO\s@Ei@]a@Hg@b@]J}AfAkAlBe@j@AHOCISNIG]F[Aw@FWBg@RMPi@j@SPQDOQg@L_@?QMYHc@t@kA~@gAHUE?b@o@Jo@n@_AP{@Xa@D[J?AI|@yA@o@AKKKWI_@B@G_@UM]OK[@c@UCYPo@AYNg@XNW^TRZATIl@s@`@?ZMBGd@Az@YD[\YT{@fAOZYREVYf@GRq@XIp@c@\i@Fs@h@oAf@e@^eAT_@ZS@]CQ[UKM?I[]Ac@Ja@v@]LSAOHO@Oz@K^_@ECAOBFDI@]EU{@a@^_@j@URe@LQF?Il@GA_@}@OM@KRUDQRObBOZONSEa@MLMMGw@FYUQMs@O_@@KUoAGQOE|@jCi@y@Yo@?UB@QcAFa@HMOBBIHDXgAg@f@I`@GBFIBHJ@QNFEBa@KW@KXIEMXQPi@?OXUNWd@UDFADRFh@EBFFMNCVaAE?E\\]G]ECp@eAVU\@RHb@g@BMZCPo@k@PREDGMLD?E?^QL?BMUDKH@DCMDDM?BCGR\CVSl@RTCHSCGHm@d@o@L[Z??PXQTRJGT_@x@JVEJFf@w@h@Cv@SP`@ZZo@g@`@l@_@k@X`@W]h@f@c@k@f@v@a@gAf@j@a@]^d@YOK[HROn@HAJUFDSE@JGP@HRATUKo@MIBCAE}@uASg@qAcBq@oAe@g@Qs@Na@Io@KOCWGCMWSBYWQ[Ce@a@WEKJu@KK@DMGAo@l@aATGDDAMPYDm@JYCOc@KUc@BDG?DB,2,10.0,111.6,535.1,False,163.1,48.1,5519422561,
2,TRX Preentreno Semana 3 | 2/5,0.0,2307,2307,0.0,WeightTraining,WeightTraining,5172644177,2021-04-22T14:58:54Z,2021-04-22T16:58:54Z,(GMT+01:00) Europe/Madrid,7200.0,,,,0,2,0,1,0,False,False,True,False,everyone,False,,[],[],0.0,0.0,False,False,False,,,False,0,0,False,41979529,1,a5172644177,,2,,,,,,,,
2,Estrenando Horquilla Semana 3 | 1/5,30159.0,8610,11717,637.6,Ride,Ride,5168589452,2021-04-21T16:00:09Z,2021-04-21T18:00:09Z,(GMT+01:00) Europe/Madrid,7200.0,,,,185,8,2,2,0,False,False,False,False,everyone,False,b8993821,"[41.462073, 2.249793]","[41.46205, 2.249803]",3.503,13.8,False,False,False,5508411968.0,fd3475c5-1509-4248-a262-6080f4df2b87-activity.fit,False,49,2,False,41979529,1,a5168589452,}`a|FelvLr@bBBdDQ^iAZfBfDKN`@z@\]Mj@MWl@ASAJJAb@WWGp@pHrMaCb@wKrCeIrE}DfEz@~D|BtF_CjBC^VZgBxB_ErEsBnFyCfCjCPhB|@iDfDmDrBgCbC}C|@_AGu@jBPv@lE`Bx@lAhCDx@lEv@h@WrAq@Fu@zBUhF[@iBqAu@rBw@Aa@c@oB~@wA`AcBrCc@P@q@f@B_@\J`AiCdDaFz@eCpAeD?o@u@eDmAGsHPqAuCa@_D|CaEnFmABcExBa@M_A|@iAwAwFzAiDCqBg@gCLkAs@wDk@}@{@c@cCmAaBKy@eEkCsB_GoBy@sAbAq@GcFcD_G_GkByE\}B{@kAy@iCUKGVX|CmCjCPjApCpGb@|ChAd@`BrCU`C_E|AI|@hA`AjBrDbE`DNrAf@eAFiClBrA`@mDOgBNw@xD_HhCaA`@\Kc@IRfADNu@jAk@hBZl@{E~@[t@sBhGo@VkACuCx@oEAs@f@\h@jDtA^pB~AzAc@~@qAr@OZf@v@AtDuAn@w@~CbAvENl@lAJ`Bq@rDo@hAcG`Cy@vBqDbD}An@oF`@c@hAbAvChBr@l@zAvDj@`B|@|@vDhDeBtC`AFnAs@xBUfCd@rBHrEhAvPlEfBvBIbEhB|FpFpCtB`@v@H~Cz@nEhEbCzDfNXhC[xAuG~D{AlB_Cn@_@~B{CvAkCq@{APeBhCI|Bk@xBWB{@_BgA^pA~@ApAVnA[`C_ApCt@BfD_D?vCGvBe@vBmDjFArBlDtCh@hAJ|AxAzBMrCuBhBKd@Df@jAfByBy@g@f@bCt@zClG`J|FvGfG~DtG~@P~By@lUkDhA@fBt@~FOnCc@fCNvDq@d@g@n@iC`HqJfF_Ox@[xCjBd@UlB{Dp@iEbLo@|Ag@Fk@Up@|OwThByA`@w@dRiPTk@zKiKbCyAdGsFpNeG|V{DfF_BjQ}GbCgBpDqD~DkGnCuCdSqZ~L}XJ}@|DiKd@mChAoBHo@eAjCcAn@IUfGoPQiAeD_CwAhDo@EuIkG}IaI{EyDiCaA_QeNaDiDgGaE{AsCcBk@kDuCw@SaGcFaCm@mAoB[D}HiFsC_EeLeImUoWgFkEkLoN{CmCeKqLwFcJ?ZgAsAOGiHdHcBfDeG~FkClFu@jC}EvAPIMb@dA`AD`BTjAWtBcDnD_AVYSJh@yCdAeGw@}A?u@b@rDs@`ALDb@MBBa@,2,12.0,131.3,1130.8,False,458.9,6.6,5508411968,
2,10x5 6kg Semana 2 | 5/5,0.0,967,967,0.0,WeightTraining,WeightTraining,5151591152,2021-04-18T19:55:50Z,2021-04-18T21:55:50Z,(GMT+01:00) Europe/Madrid,7200.0,,,,0,3,0,1,0,False,False,True,False,everyone,False,,[],[],0.0,0.0,False,False,False,,,False,0,0,False,41979529,1,a5151591152,,2,,,,,,,,
2,""" TRX Descanso"" Semana 2 | 4/5",0.0,1864,1864,0.0,WeightTraining,WeightTraining,5142990337,2021-04-17T14:50:00Z,2021-04-17T16:50:00Z,(GMT+01:00) Europe/Madrid,7200.0,,,,0,2,0,1,0,False,False,True,False,everyone,False,,[],[],0.0,0.0,False,False,False,,,False,0,0,False,41979529,1,a5142990337,,2,,,,,,,,
2,De Panas Semana 2 | 3/5,11225.7,4201,5481,278.6,Run,Run,5138270015,2021-04-16T17:36:50Z,2021-04-16T19:36:50Z,(GMT+01:00) Europe/Madrid,7200.0,,,,0,3,0,2,0,False,False,False,False,everyone,False,,"[41.462035, 2.249783]","[41.4619, 2.249825]",2.672,7.5,False,False,False,5476846189.0,B8FCD221-3E93-462D-95C8-9FDC79886512-activity.fit,True,0,0,False,41979529,1,a5138270015,u`a|FclvLw@L_AOw@Fm@Si@DCPH\IL_ADq@zAo@Xa@f@_@D_Al@iAbAUz@m@j@eAvC_AnB_@hACVF?AQGFGf@Nx@rA`DDv@r@`DpAjDrAvB?Ny@~@g@dAN`@Ah@ZtAtB~FNFCCsBlBBp@PN_@ED@_EtEyBzDwAtDqCzAARXL`AFPKRZVGfAZNRSb@kAnBwClBwAfAU^sAdAk@Vg@Ck@Pa@Xe@@y@q@G]Y]IWiBs@kAGi@aAs@MYp@Ef@UZcB@[YSe@k@OUN[bA]b@UBMUZJOx@}@n@AT[VW|@W`@[TGXk@`@Qv@i@b@Qd@K@?Ru@PUYAe@e@o@kC_C}Ay@Ua@uCc@q@^Re@BaASaBIUoAs@IU]GMSq@Y[Bu@SuATk@OaAuA}Am@iBiAC[iAsBOo@e@u@cA{@c@AIZHGmBUw@v@s@Aa@ORFFKKABF[fAe@t@WFg@j@y@RgA|@EbASVDPg@VQCKR_@Nq@bAIT@V_@^Mv@g@lAHHg@f@e@pAe@r@YLk@p@EXc@ZG\Qf@Y^k@Dq@f@_@D@NFEGEDFGG@PBEEKF@GALFFAIHCOCLEKJBICDGFHKFFBBQI?~AYf@]`@uAp@iAtBmAdAwBp@m@TaDFI`@uApC}APB?aAd@a@Vq@|@_@bBuAf@kBYFHXl@BL[N?FUNGZ@FNZHn@?fB|@hCbFnA|@vAf@zAzAl@ZvAUxARpAv@z@z@^r@f@lCLTP@Na@m@y@Br@AXn@Rr@@dG|Ct@v@b@xATPt@Hf@g@hAaCNKJc@XId@q@Ls@d@k@CGn@kAjDqBGTGS[LEGHQZFHMG@SS`@R?J`@d@?T|@Ad@F^o@J{@`@SVPZp@nB`@t@\lBjB\JfBMnBk@~@s@^i@bAu@~A{@rBaBr@oBFs@EQs@[gD?GEBSh@e@f@An@a@n@s@Fi@j@yApA}BlCwD^C?Ql@{@Pk@zAuATBVYO}@y@qAEKHSSYW_AuAkCMiA|BgBLcAM]{@_AaA{Bk@WSi@OIg@gCYa@Jc@y@sCMy@?]hBsD|@kC^a@Ni@PODc@dCuAhAw@z@eB`AUp@mAb@MbAX|B^D[F@IDFS@j@Ro@,2,3.0,,,,284.5,46.5,5476846189,
2,Font de L'Amigó Semana 2 | 2/5,10244.8,3740,4269,273.6,Run,Run,5127296312,2021-04-14T17:28:23Z,2021-04-14T19:28:23Z,(GMT+01:00) Europe/Madrid,7200.0,,,,12,4,0,1,0,False,False,False,False,everyone,False,,"[41.462068, 2.249774]","[41.462055, 2.249782]",2.739,7.8,False,False,False,5465437876.0,4dff1c41-32d5-4c69-9cf2-d1db445957d4-activity.fit,False,7,1,False,41979529,1,a5127296312,{`a|FalvLKKQNiAb@CImB[i@AGXJHCHQP_@?[V{A~B_AZ{@`@kAfA_@|@i@n@i@hBW`@sAbDQz@vAfFLjAzBfGfBhDCZWRi@~@e@\G`@F`@lAzCj@lBT`@Pp@EXINaAz@MZOBLp@YRcAnA_@n@y@x@_CrDy@vC{@dAo@ReA~@@Jb@J|AGtAj@@DC?Er@[`AcAlA_Ah@sA~@u@r@_@LUd@WXwAj@uAVk@Fo@CMI]g@gB}Ai@IkAY]YYg@g@UMP@j@GPw@r@i@[M?AHYEKKCMCRSm@]A]JM\]P[v@YJs@tAiAtAw@zAw@pBW\i@j@w@H_@a@UeAkAoAiC{Ai@MUBGKO?QS_Cs@MUUmAKUU_BQYiA]k@a@s@OUEu@Ra@A{@[u@{@_@Ww@[_By@e@eAW[Oi@U]IAOo@[k@{@y@MCaBTm@Ug@XU`@o@SIr@Yf@WZ}@`@i@j@e@\c@n@O|@i@h@Q?m@PQVm@NMZ@l@ERHR[RYf@SvAQRKX_@^m@zAKHALWVu@TGZ{@xAGl@QR[BQQ_@TSZK@QKn@B^ITQb@i@F_@b@_ANk@j@m@p@]pAcCZ_BN]dAwAFkA\q@^Qz@Cb@IPa@Fi@JUb@_@l@Ub@q@vA}ATe@@_@L@XNZ?f@q@LEr@Z~A[\f@dAbAZlAlAbCd@R|@n@r@Pd@XhAtAl@LzAS~@J`A`@r@n@`@TIQI?t@r@Rl@?PJb@Bd@ARDZXLvANfBr@lAz@`Ad@dA`AT`@TbAVJd@Gt@u@hAeBTq@fAoBFYfCeDz@{AJGVNJ`@d@p@bBJRMPg@PqAREdApAj@P~AZfAv@p@dAXPxAOl@KhAm@Ze@lDgC`@QZa@`Ak@n@q@l@kBDOCEoBk@eAHe@OEStBgAd@_@l@kAzAmExA{Ah@_AnAaBl@i@DQbCmBBMsAiCSm@u@_B]eAOs@@w@FQfBkB@SOYg@a@e@u@Oc@SS{@qCKOScAE}@uAoEQ{@?c@Lc@`@s@Nm@lAcD|@oAZy@f@m@t@i@rC{A\a@b@cARWj@M\i@f@C`@XPBl@MXJf@@\M,2,3.0,,,,283.5,47.4,5465437876,80.4
2,Para no perder el ritmo Semana 2 | 1/5,13864.0,5563,9973,437.2,Ride,Ride,5121089270,2021-04-13T15:23:18Z,2021-04-13T17:23:18Z,(GMT+01:00) Europe/Madrid,7200.0,,,,62,4,0,3,0,False,False,False,False,everyone,False,b8993821,"[41.461613, 2.246991]","[41.462057, 2.24981]",2.492,9.8,False,False,False,5458971036.0,0315dae8-132d-4316-a797-aa075aaa3700-activity.fit,False,13,0,False,41979529,1,a5121089270,a~`|FuzuL^\MGFJETPd@hGxKHP?ZaBt@iB`@uBz@uCD{@RkHtEsAl@gCzCENT\El@Hb@xBbGJETz@IAK^gBpACLTp@[Hc@jA@b@COOAsDhEu@nA{AdEgBz@i@n@hCVlBl@@KO?CZuAbC{FfEcB|AoDl@kACQTe@zA?VLLrAVh@v@rAT~@xA`CC^zCd@|@n@`@Wb@At@m@FQ~@_@ZGf@FX_@vA@bB[H_BeBYXc@hB}@I]UoB|@{AbAeBlCSBIKBOLbAKd@aB~B{Ap@g@AeCn@aAn@uAd@iBCe@W]o@gBKcAm@Kk@IqDB{BRw@EQM@VBsCSg@RmC|D_Ar@i@bAiAfAy@?eD`B^EANi@RcAGw@p@QA_@iAUO_C\m@`@oAXW@c@Kq@BdA@eBJ{Bq@eCNsAw@{Da@c@c@y@{B]a@WgAm@cAa@i@i@Q{CsCm@eDWa@iCeAqAlA_@@AOQAg@k@EDU]{@s@{BsAsDmEUMcAeBk@iBAq@XiAy@mA_@eBUi@OCMRJbA?rAY^q@Vq@l@MX?h@z@bBj@jBhAhCRzBNPv@P|A~BNp@CbAOh@gBbAy@NDBm@l@Bn@`An@dBlDvA`BlBhAFhAN@XgAHmCdB|ANIZgC?_BUu@j@cBlDkFx@a@p@B^YRXOY@JdA@P{@z@_@b@CrA^XuA@wAJe@bAa@^w@Ju@~@a@x@F|C_@Da@Ta@OeAAeAz@}E@YS[JEx@`@HrBRz@bBX|B`BhA_@PO\}@z@_@TLXv@f@@f@s@r@c@fBYSJLUTFPm@TIfAt@n@Ah@TzCr@j@MXo@\DQMnBp@vFbDr@t@ThAr@b@XGX_@p@aBjBqCr@yA~DuFf@Rp@x@v@B`@R`@c@NeBZMrAzAnCr@pBxBbA?xCi@lBiBrGsExAiDhByC@Q|DaD@WKc@cAsBg@cBj@[QTFBN]GMDFFUj@Y@KOGJ[fB{Ad@IFWYy@cA_BmBwFZw@`BcBFBn@cAKc@i@M_Ay@Uu@Rc@{@WDg@Uc@Ss@r@@`@c@Fw@Wy@HQtCgBj@k@^Ex@z@l@TEQ[@Qg@bCuHlAqEV?VUPa@Mi@d@iAd@m@Pu@Bg@Sq@NMm@AFM,2,10.0,114.2,635.2,False,458.9,47.7,5458971036,
2,XD'nt Semana 1 | 5/5,7810.8,3490,5786,155.1,Ride,Ride,5107365331,2021-04-11T09:33:47Z,2021-04-11T11:33:47Z,(GMT+01:00) Europe/Madrid,7200.0,,,,5,4,0,1,0,False,False,False,False,everyone,False,b8993821,"[41.461551, 2.247083]","[41.462061, 2.249772]",2.238,12.2,False,False,False,5444579728.0,b5954a09-aaed-4e1a-adcc-7b7180ec639d-activity.fit,False,0,0,False,41979529,1,a5107365331,u}`|Fg{uLEDBBEAH?CBDG?N@UCHDh@Ab@@d@BH^\hAxAjAjBfAxBl@r@BJQX[RqBJgB^[Te@ReEb@m@VeAp@eAx@MFGMi@h@mA~@]Ng@HONm@rAsAvAAHRj@?\BNZdAhAdCZbAZx@CI@B?E@BA@JHONEAc@XiA`A@EHHIPHXBFBE@FOJ?CB@]b@?G]d@eAt@aAlASb@uAzBu@zBu@|AiAn@YX_@ROVDLf@FpAFh@H~@VJ?JHBCSYKBg@|AYd@q@n@uAx@yAvAOJo@LMFu@fA[ZiAZyARe@A_@KQZMf@Uj@BXFHdA\v@x@hANl@XF?BHS?L@BDADECBGACE?AXILk@\UVc@fAETMPK`@MPOj@k@vAU^SHOVMNWh@IFS`@OLIl@a@hBMb@g@bAK`@O`ACd@?PFd@AH@ECLF@@AAE@DLBFADGF]DEPMTEPWHQEEcAhBB?OLGASMADDF?LLXPPD?z@c@\AlAp@LRt@v@h@PSCFK?BE?L@OI@CWKQ_@EC@P^N\RJLk@K}@sAP\Jt@h@DDCBMCG]A{@aALAKs@EMYWBHh@d@APM@BHCFDTl@v@j@ZX~@Vf@BPXb@FTDIB@CACh@?ICA{@D[Oa@e@WECBD@@KCEC?AF[Hm@p@SMQ?@BEBIPEb@IF?KIa@@]Es@w@eDGMCs@Oi@Ec@BBEsANgAJg@t@iBL]^gBTc@pBsCxAwDv@eCHMFQf@]LU@IEOYU_@Kq@DOKq@u@u@OIO@k@Zi@N]JEJA^NR?hBYhA[d@[v@aAf@[b@c@ZSRSl@a@h@g@x@a@TQf@m@`@uAEIBKl@gAh@m@Vc@lBwAZc@l@a@DUAOOo@Im@oAqDH?HIH@LILSTMB@FY?FDCNYF_@^i@`@c@~@k@HQE@F?i@iAKMy@mB]eAKs@g@iAG]b@g@JSb@g@n@c@LOJ[D_@Aa@Qy@CU@y@F]Zu@DSDGPEDKt@UlBo@h@YDGjEmANABURm@?Q`@WfBkBDM?_@BKLIVGd@WLM?OGUCi@Bk@Ae@UgAAi@@]OyAA[Dk@?e@Cm@m@oBGE[Ia@BUCUNMAHIm@D?FCAB@C??GBAESGGBDEB?DCAAGBEAA,2,10.0,100.3,350.2,False,162.7,44.4,5444579728,
2,Salida Rápida Semana 1 |  4/5,13847.2,4541,8717,420.0,Ride,Ride,5104158808,2021-04-10T16:53:33Z,2021-04-10T18:53:33Z,(GMT+01:00) Europe/Madrid,7200.0,,,,0,5,0,3,0,False,False,False,False,everyone,False,b8993821,"[41.461508, 2.246912]","[41.461678, 2.249886]",3.049,10.5,False,False,False,5441212024.0,CD388EA4-2F9A-4FBF-9B45-87C6508915E8,True,0,3,False,41979529,1,a5104158808,k}`|FezuLCv@tGzKVd@?T[TyDn@eBr@aEf@i@PmHvE{@d@}B~CO\@x@`DbID\Q\sAlAG\E`@_@X}@|AUHqC`Ee@t@_@dAmApByCrB]nAg@`EUh@a@^m@VuBHmDs@iAGcDuBcCmAeD{Cu@WeCWs@DiOlFu@LiB?e@Pu@bBQrADhAV`CVjAr@pAFp@e@rB{@fCq@d@kFtBOZIbAM\SRe@J_@Vw@rAiBr@aGj@UNM`@?d@b@~@R|@VRz@BXPPTPlAHNjEp@bAd@Xr@Nv@CnAXPPIODELLLBZKECa@RSIIQDJ@WI[Lq@t@UGe@_Ac@IuATeAd@y@RqDF{Bi@yBLyAu@iDi@wAwBk@oAs@kBy@y@Oe@sCkCEUe@w@W_Aa@i@mBeAY@u@b@yAAIGI[eAa@UOo@o@YGkBeBm@u@GOm@a@g@m@gAaBa@aAAQM_@Am@B]Ty@mAgBA_@e@qAOGGRT|ACz@a@f@}A~@Qh@B^|@dBf@fBtAtCyBwEgAuC?WNk@hCgBEeAQoADSRAt@fCz@hBBZMnAJr@rAdDhAtAlF|EzClB^NTAbA{@PCpCjAV\d@nBP\zDlEj@~@lB~Dt@hAd@R|Cf@jAl@`CGtBb@`D?jCy@dBW\P^z@VHx@s@nAEfAaAfAk@^GVDXK`BiCf@a@lDiE^SrCTObAExEH~BHVJFxCZRLVd@XLtAB|@KfCmArE}@jAqAbAmBQ_@?[HCKRGI?QDFCHBYACGHA_@Dd@EMFW@d@EGFB@GIOD_ArBsI`@w@pBqChC_HlAoAM_@c@]}@Gs@{@oAUCc@l@wAJKh@Rp@GxCy@jHuFxAuAh@eAj@}AzBsDb@g@zAgAh@q@AUk@eAgAwC|@}@HEDDAJFSCJCMNFGG?WJa@T_@vAkAd@OJOI[kA}Aw@{B_@sA_@o@AQJSIm@@O|@w@R]NEF@ADQGNIECL]Xa@b@IvAaAb@MnAcAb@Q`@_@b@SPUx@MVOPiATQXi@f@B`@RRKd@XNGFc@h@@b@Y`@e@|@AJJ?l@Ph@b@MGs@KWWSWw@_@_@eA_By@iB_AiAOa@Pi@@WVQ?MTYG[VKl@Bj@MOG?_@Qe@SgBCoBUqBKIg@A}@`@K[Ce@TKAG,2,10.0,98.2,446.0,False,458.9,44.4,5441212024,
2,X5 Subidas a CanRuti Semana 1 |  3/5,19231.3,5365,6235,545.4,Ride,Ride,5086216861,2021-04-07T16:03:39Z,2021-04-07T18:03:39Z,(GMT+01:00) Europe/Madrid,7200.0,,,,0,5,0,1,0,False,False,False,False,everyone,False,b8993821,"[41.462017, 2.249912]","[41.462034, 2.249714]",3.585,13.0,False,False,False,5422465822.0,54f03a34-ac2b-4b01-b0b4-63ea77f56e41-activity.fit,False,0,2,False,41979529,1,a5086216861,q`a|F}lvLGSI@C`BPENRQaAEJFL@UJLOSgDFOQaA@GVJT?Sw@ToAdCc@^eBd@oB|AeArBcDbJYdB{AvDCd@m@W?v@aBbEwBxC}@\yAu@aAgAuCgEeAYqADyB|@wCdBY`@g@fBQ`HYxAk@`Bk@j@[fAk@`AaBxAwBt@_BLu@Q{A}@iAK_En@_A?}BnAs@L}Da@NNnE\hEgBrC[~ALpB|@jBH`FuBvBqBh@URaBv@oDb@gHRcAzA{BbEoBjAGdA\tAtAdBrCfBvAbA@qA[o@_@yEmGqA_@o@@qGzCs@v@i@pBIvESnCs@lBs@n@i@jBkAp@a@h@iAXw@d@yATo@GaBgAWFw@UcGf@cCpAw@PiEo@xE|@|DqAtEo@vATTUfD~@nBc@nBiAt@u@n@eA^gAd@e@b@aAXoANkBHuEb@aB`ByAzEqBpAMv@Zf@`@pCbEn@p@t@V~@D_BOq@_@uBmCu@sAu@m@sBOwFlCqArAc@rBMtEMxAm@dCi@d@eAhCgD~BgAXeACqCkAONy@O}CPq@JuEnB{@?qDm@fA^zC\fEwAvDe@fALbC`A`BFtBw@xC_B~@sAv@KPc@RK^_AnA]hAoAv@[PkAVPbBTTb@T@jDiRoB_@sA@eEhByB`Ba@r@Ib@Y~Hm@nCy@`Au@pBkE`D}BPsAc@y@k@MLo@YaH`AwD~AiE_Ar@ZrD`@t@GzA}@fBc@~DK|ChAz@JtA_@jE{BvByBA}A@Jn@wBb@wBDwFXyAp@kAzF_CrAIlAVf@`@nD`FrAv@v@C{@B{@YyCqEqAuAsAWs@Dg@Zg@t@aADwBz@YZw@LQT_@dBB|@\LDlAI|BQrAIZaBzBu@rBwAlAgAl@iCn@gAMuAaA]Hs@WsFx@_DjA_ABwC_@GJdA@l@\vAPd@IlBcAlF{@vG|AnAUjCuAvA_AdBgBCgBd@qARoAf@{Ip@wAzAkAvBaADOa@[kAh@aC?BPIMw@Z]hAQRo@QyALk@IMqAhBoBXm@dDeDPq@C{FFUhFiG\A|AqBNAL_@C{@eAsByAkEq@wCKqABgASk@X_AIyBf@OJyA}@m@OBD^b@ZFVa@fIpBPfDv@jBQRQD[Gm@@}DEUKCJL~Dh@dL]THhCtDRrBP~@tB~E|CUf@PFKr@|Ab@MTZxAR`@GnAm@^PV\,2,12.0,130.4,699.6,False,195.1,47.1,5422465822,
2,TRX y Pierna Semana 1 |  2/5,0.0,2513,2513,0.0,WeightTraining,WeightTraining,5079879807,2021-04-06T14:47:42Z,2021-04-06T16:47:42Z,(GMT+01:00) Europe/Madrid,7200.0,,,,0,2,0,1,0,True,False,False,False,everyone,False,,[],[],0.0,0.0,False,False,False,5415864398.0,b68cfba0-2527-476d-ac4c-a739dc76ea9d-activity.fit,False,0,0,False,41979529,1,a5079879807,,2,,,,,,,5415864398,
2,Con el Papa. Semana 1  |  1/5,10482.8,5082,5848,324.0,Run,Run,5072871551,2021-04-05T09:44:28Z,2021-04-05T11:44:28Z,(GMT+01:00) Europe/Madrid,7200.0,,,,8,2,0,2,0,False,False,False,False,everyone,False,,"[41.462041, 2.249762]","[41.462224, 2.249633]",2.063,8.1,False,False,False,5408531512.0,161e8d10-0435-407a-8e48-c72334001142-activity.fit,False,2,0,False,41979529,1,a5072871551,w`a|F_lvLBTt@f@mAmAo@BwDe@Gn@o@^k@t@mARw@`B{@d@y@p@Wb@_@RI`@i@t@gAbDe@T[dAMx@IPElAbAlCVzA@n@\p@b@fB|@fB\fAnAfBw@r@s@lACTL\OX@X\dAPbAf@`AfAfBXNICUf@}AxAEb@H^]PyAvBg@RY\aCtDBJc@t@i@bBkBrAm@r@XVlA@rBn@BLGBKHc@rAs@r@o@Je@Zi@v@UHe@x@sBdBmBt@mARm@?WMu@kAw@m@eBQ{@i@AGJDcAy@WL_@|@E\c@AUPmBmAESOCWPk@zAc@T]|@a@HkBbEu@z@Il@Q`@]Rm@t@WHa@]Ku@QU_AgAoA}@[a@kDeAo@B]KO_@UcBMYe@a@Q}@a@Iq@q@iA[W@iE}@m@g@mA]wAaAwAoC[mAk@q@iIIYdAORaAb@i@h@]Hq@~AEr@m@L_@h@[HUXKMYRKr@OVCj@s@t@q@`CWFcAdCs@t@U@[|@SHE^MPAb@SNGRYA_@`@o@DAZGYB`@h@\T^IZc@DIRHVRNA`@VRAZHHMd@Tj@Nt@IX`Ax@BhARd@n@f@nClDxAt@Xp@BXX|@nAdB~@pBd@RbBAvAt@lCMvA`@rEFt@WAo@|@LfBOPLRz@\@p@Wf@e@fAOjAcAf@Sr@GLH`@O`BmCv@k@hCiDl@WvCHBVUt@E~@D|CVpBRZv@b@`BBLNH`@XVf@F|@KdA]j@a@dGeBlBsBn@uAEkBDg@n@oD`AaB@y@F[~BkDf@_BfAkCb@a@|@uA?e@{@cAs@Ba@u@uA]?Sf@uALSdAP~AW~@[tCyBd@k@VCfCaBr@s@V_@Hg@Xo@H]Dm@t@w@ZMXw@?YHEMm@[UAQa@m@VEl@c@Vk@lAsAL[IYRy@OC?]v@u@H@HPCcAl@k@@MvAkA?OUo@_BsDe@mBa@i@H]Cc@NOGAn@[^w@VQAK_@i@Ig@]_@c@_A_@OEg@MSDSG[a@s@{@_CE]D[JMMi@UUE[w@wAhA}D@MKW?M~@eA`@qAj@_@p@qAnBcBdAYj@_@bAwAb@_@b@y@NIfEd@,2,0.0,,,,337.8,45.3,5408531512,75.3
2,Enseñando Trialeras,18187.8,8068,12382,548.7,Ride,Ride,5069769932,2021-04-04T14:59:37Z,2021-04-04T16:59:37Z,(GMT+01:00) Europe/Madrid,7200.0,,,,70,2,0,3,0,False,False,False,False,everyone,False,,"[41.462036, 2.24976]","[41.462111, 2.24976]",2.254,23.9,False,False,False,5405266688.0,57cc485f-32b9-469e-aa93-a42fcb8478b1-activity.fit,False,27,0,False,41979529,1,a5069769932,u`a|F_lvL\p@MbARbBS?aAvBnAxCx@v@PIY]OE`@v@h@MOMI^k@m@Ld@n@WD{@S`A_@@^SBVOW_@HP^By@f@c@LZ?Ck@bCjHhMcA|@wCv@eBAmErA_GnDyBx@i@tAcBfBFn@ZPRzAz@lB`@tBHPTOBTaCvBDbAWPS`AmF~F{AnEuDdDvB@pCv@Si@g@nB_ArAiIpGgBZaAj@uAOo@fBAf@~@NbA`A|@Tx@dAbCJl@xCxArBc@pAaATGXm@b@a@`BeAd@kAjDw@@o@e@kDpBgBjCu@ZLp@Ib@cCrC{E|@wC|AyBA_AeAaBMsAaAI_GFqAV{@cDOmFbGeB`CqAPuC`BeCz@WCs@kAcFnAuDFgCs@cCZs@k@uBo@y@Dg@e@uD{Hm@o@u@Ku@sAaA{@s@kCm@kAuBm@gAbAcAIYe@sCsBm@KsCkCwAoBkB}DA}@^cAaA_Ba@kB]i@QPNbD}BnBMt@fBvEv@fAJz@OMJ@^tCrAr@bAvARdAItASVaB`AmARKxA`An@hBjDjApAtBnAJvAPF^oAJiCrApAPIb@mCMeCbBgE~A_CjAq@rAUJRQUrATHw@fAm@dBf@^yACaBPc@ZCf@o@f@wA~BU|Ck@RoAKgCv@yEGq@APXGj@f@FxBPf@lAVvBhBxA[~@mAbAc@f@dAr@Cz@mApA]h@m@SI\GbBp@fDRxAz@f@EV_AQ?Df@n@dAJ~@cArEm@dA}GlC]vBsAx@{@xAmDbAiED_@hA`AbDlBn@n@pBfDX~Av@`@fARhCNEQWz@HhDwAMOpAKj@}@lBBt@}@xAc@h@qA`CmCL?AZ_@hAJhHNb@pAt@dB@~@z@vACfL_DrBmDOaAZFvB_DnCeBjCXb@{BhA{Ad@If@cBvBqAZm@Gc@GTrEaEb@_AoAVp@yBd@c@\oD]Sm@aCF{FvAuA`AIHo@b@g@s@uCDLkBbChDeEzBiBDM_AsCeAiB?UbBw@a@d@Xe@WH^BYXh@UGKU`@TQe@YPEFLKKG`@PKG\NAF[AkArCcCiCeF}@eESg@vBoBh@mAb@I]e@@}Ap@gBvHoD~CiAEy@xCgCVeBIKHVGKp@Kq@PRX\o@e@VHM|@UiDtNfBkMHf@`@a@s@N|@SISe@Rf@a@e@\RRVq@[qEFwA}@_JkAOw@Vc@SJSOBCWO?,2,10.0,84.4,680.9,False,458.9,44.4,5405266688,
2,Hermita de Bruguers,3971.0,3818,16707,240.9,Walk,Walk,5061510826,2021-04-03T09:12:43Z,2021-04-03T11:12:43Z,(GMT+01:00) Europe/Madrid,7200.0,,,,0,4,0,1,0,False,False,False,False,everyone,False,,"[41.314288, 1.961712]","[41.314558, 1.961672]",1.04,4.2,False,False,False,5396587569.0,38a9077d-6684-4f35-8cc3-e1164e4fbfe3-activity.fit,False,0,0,False,41979529,1,a5061510826,ged{Fuc~JEK@??H@DBCBTC?DFAOK[c@AGD@L?GCJEBCA@AEL@DC@BAEB?ABBBG@BBG@BQAIFCD@JCJ?T@XFP`@FHHBCXXLB^AHH^PBBED?CDAFBDLB??CHHEA@G?DDATp@HH@LBD@AC@BBTLX@CLUBCGBBAFJBBELFFXJ@@PPR@PONGAIKB@KAB?@NBB@KCDECIF?ESEAKWMBCSBDFLf@D@Vb@BJCBDIH?AEB??D?EHB@ENXHXHD@HADJb@IBILG\EFFTCf@G?ATMHADGJ?\DZAXCDIAYJDN?E?FGPKLAC@v@Dd@EJ@CG^@VGp@c@A[IIED?GCEM`@B?DE@UKFTXJd@@ZEBBEABFC@BECAGFFEAGE\L??DD@PELe@DIXKGACDQ@ETA`@IHQ?EMCABa@EDD?CDGC[J[GMOOCOQ@?MW@CDHDEB]IOABDCF@?DDJ\`@VJJRCKg@S[g@COTe@BYU[?QIKCSI?GQE@?FIEB?@QRPBLH?C?@HHFDNCDBd@\GOH@BADC?HIEEKNLI@GCFBDGAEXBNBUAQDEBQ?FDJ?IEB?AAA@FOn@QLNWH_@DA?G@@CC?MK[KGU[CJFF?KJSC?EK?C?LLAOI?CK?@CFF?CFTA??AB?CBBAIBCKBOGHFDCOGCB??DGAPF@CCFKED@HHDf@R\BXHDFKEAB?AAAH?GFACBB?CBCAB@B??EG?BCABBCABC?D?ACBBCA?DBGBBMCHB?D?ECABCAD@@C?DC?CADBCC@?EBDIDFECCCB?CBA@FC@ARQVCLBDAPILCPE@BBDTHD@EBH@CABHHZLHAVMRW?k@A@ACHWAIDYAIBCA?@ICG@OBGCYDWBIPKFKGa@?U`@w@JIAMHICAAGBJCGAJ@AAKFCEF@BA@@IAEEGABBCFs@@s@GGIw@GQKDEE@CGADB@F?C?DG?KQCMc@y@KAp@NRPJA@D?G@BBCEDP@JKBB?EB@MKIWKEAIEAKIMY?MNG?Ce@IGESY?OCBAAAQQI@EA??DC@DMwF}OtF~OA@JDGGEBiHySlHtSKCFB@?AEO?USKB?EGKIEI?WWE@?H@CEE}@UCKA?DBABAG@GYq@CQFSLQ?LJ@@DEIB?AM@CALQF@HIVC^@^GNARHS@BIABG?E@P?CFM?c@DOJODO?UEKWHJBH?AIAF@CHBECH?,2,,,,,377.0,235.5,5396587569,49.4
2,Chill Trialeras,17620.1,7239,13630,737.7,Ride,Ride,5042458680,2021-03-31T06:27:45Z,2021-03-31T08:27:45Z,(GMT+01:00) Europe/Madrid,7200.0,,,,56,3,0,2,0,False,False,False,False,everyone,False,,"[41.462038, 2.24976]","[41.462033, 2.249752]",2.434,12.3,False,False,False,5376593084.0,09384137-f6c1-40e7-ba9c-761de1d8349e-activity.fit,False,12,4,False,41979529,1,a5042458680,u`a|F_lvLj@dBLhDYXq@@Qp@x@fBn@^Zz@IMx@OGa@UG_@\Tf@e@YJM\b@L[KWYHAPb@v@g@s@LVeBePd@jAV~DWb@gATFn@bBjBTbABg@ABVRSPd@mAs@ZDh@U[RXIEt@US\Vu@MOc@p@JULEHPMVQYf@CC~@NWKKc@HESN`@a@Of@V@rAjHzLk@f@gFtAqGp@iJfGaC`DMvAjDdJETsBpAL|@YHmAtBPjAvAvDcCfBcApA_BdCaBvDcFhD_E~CsDb@oByBuCu@{AwA[zAg@n@[U_ADw@cAUEyDdFmEhIu@x@aBhDmBlFUpA{DrHk@rBkDrEcAD{CvAHL{AP{@r@e@kA[QsFxA_D@{Bk@wBPyAs@sDe@o@{@kAgCO{@eA}AcEkDk@kAk@cC_CoA_@@_A|@e@EeGmEsEaFkBwDV_CCa@s@u@iA}COTLxCWb@iB~@Ix@~CnHDVMFf@zCfA\|AvBNdAOzAwBjAoEn@[lAkA~A[|@i@X_@HgC{@{@@M`Cc@j@{@I_BZaDEhETxB_@TWNeCLKrEhAn@k@hB}DJw@r@ISALIDs@YeA{BsAk@kAi@ISWIYP_CYaA]Yu@PWf@Hl@t@z@a@lBx@tDSlB_BCiBsAsB{@cAVa@jD_\ePjCrFAWNO@^t@jA`@pA@r@]r@Et@n@nEGlBZzCn@~@VnAn@b@bAdBD\h@Xt@mBEkBl@iBEaAv@iAb@K~@ZlBGv@Z|A?bDm@`@]Ry@jAo@jCVpAoBvAcB`C}@HrAbAr@pArCzAjBtBdAR|A\gANoCpArAZM^qEUkAn@eBzC{Ej@_@x@?h@a@V\UW~A?Fm@fAk@fB^VmAN}BnAw@^_Bv@[|@DbDg@VgAOs@@{At@}EK_@JQz@l@FrBZv@fB^fBzAjA[p@qAx@_@L@V|@lAIN]~@k@rASn@aAjAv@`D`@GGpAf@r@Ef@m@bBZnFfChAtABs@~@kAEuCpDuAzADh@`@fDqDtAjA~@@\Z^[XkBH?n@|@hDz@|B`CdEg@pKkIrD}GnEeEDu@iBsFxAaAGe@R_@dCuBaEgKt@sBfBuAG{@_AYMWvAmDpEwCvG{B^cAhCqCG]b@O~@iAQ}AJeBg@aDE{A[oDcA_@o@J[Y_@HBLYUJC,2,10.0,92.3,668.1,False,458.9,44.4,5376593084,
2,Explorando Trails,27110.3,9347,15263,404.6,Ride,Ride,5028065985,2021-03-28T14:59:37Z,2021-03-28T16:59:37Z,(GMT+01:00) Europe/Madrid,7200.0,,,,22,3,0,3,0,False,False,False,False,everyone,False,,"[41.462074, 2.249774]","[41.462067, 2.249765]",2.9,12.4,False,False,False,5361517804.0,01dfab42-21a9-4535-ab7c-e4b2803f40ed-activity.fit,False,9,2,False,41979529,1,a5028065985,}`a|FalvLn@|@@~DgAnA@l@jAtBv@BPHg@?N`@LOMBW?V[Ed@GYU@Rd@|@AKoAc@d@p@J]GAPYZ?_@Bf@j@m@Wh@MABc@MPTOF`@iAMx@PKG@zAV?Pp@~DhGj@jAQEn@j@C\oFpBqHp@mJdGcCtCMTXXCz@|CxIuBjBLx@qAlA{DpFyBpF}C`CxF~@SE{@~BmApAoHvFyDbAiASm@nBFd@dAFhAfAz@J`ArAfCDFbBt@dBbAj@a@j@Ir@{@Tw@x@i@`Ba@HgAbBg@hB_AG_@c@_EfCmBvCY??WATJt@Kd@mCvC_Fx@gCpAeCAu@{@cBMkAy@K{H^kBRf@e@YNCg@FgAdBz@oAx@][F?PLOuCOa@PqEdFsAzBi@Zq@GmBjAkBf@l@v@BfAIoAP\@hAt@?}AMf@V`AQr@b@l@dALzBVb@MAGc@ZaAj@hB|@lRf@~CfB`@pA|@~CRxDvApCjBxAtBzCzBVbADfDl@jDp@z@|CpA`ArEj@fAhBhHBjASz@hCNnAhAJjEc@rDt@pBFjApB|BEO~B\bCzBbAhDpDlAcDcA]c@y@wCqCcCuBQkFiFM{AJkCc@gARe@Ig@n@Kh@VZ{@OHP[Yg@uD]REUQWd@w@HeAjAgCpAkB`CcBZ_@rB}ArAiANmAs@m@CsBVcBnD?`Ba@~B[CgA_BqA`@?VFSfAW\\q@o@}@b@@Ed@pBn@jBIEHxBYnDlA}@vBmA^JZdBAZy@`@o@pCi@lAi@\HTZY{AnBc@tA@pBbDhBp@jBFdBbB`BWdDsBhBMb@hAlB@b@aB_A_@Cc@d@nCdAdAvCjC|ChHjEbGxFdB~BpAnCn@^pDw@tUoDpDz@~B[dGWlCNnDu@^i@t@qCvGcJbFuNl@YdAXtDfCXQPcC`@}ARmFn@wFHeDz@}Ja@a@eFq@IO^q@a@XTUMHI\j@f@fFdAqAvSj@bBtJ[jAk@Xm@fHwKbFiFO[pAc@vGwGxA_AxBoCfD_CNk@vB}BpIgHnnC}cD{BeBk@QoCxFuA|EwAL}KgJmO_K_FyEaBy@oNoL}CqBmAsBgNeKk@cAaCk@qPeMcPmN}KoL{@wAsEyEoDcDsQiTqJcKyBkCaD{FwF~EaBfB_@~@CQOf@yGlHmBrEs@h@qBhJcCdGwAxB]Zq@Es@bAgAVoCUm@^Y],2,10.0,64.2,600.1,False,289.3,7.1,5361517804,
2,Caminata mañananera.,15465.4,7615,14076,667.1,Walk,Walk,5025566640,2021-03-28T09:07:18Z,2021-03-28T11:07:18Z,(GMT+01:00) Europe/Madrid,7200.0,,,,0,2,0,1,0,False,False,False,False,everyone,False,,"[41.462047, 2.249753]","[41.46205, 2.24976]",2.031,24.9,False,False,False,5358900618.0,3f5e03ac-ae24-495c-b819-7d6b00f04621-activity.fit,False,0,0,False,41979529,1,a5025566640,w`a|F}kvLBVt@l@Bb@LDWIQNFD@x@LFB`AZdCBjAYG?\^~ACp@j@TBl@Zf@GHDp@[n@{Az@e@~@Et@mEp@gBx@sAdAUn@gAt@QnAA|@Z|@Cd@Qd@o@HIh@O`@YREX[LXZWHKZ\\Pv@F~@n@p@b@lBLL_C~B?lA[UYrA}@v@Wv@_Av@Oj@g@L@^]Vc@lAMvA_A\aA~@OZ[HO\h@NfBQVd@r@L@Z_@b@WfAo@h@CVe@FmCbCII_DfCL?]Rq@H[X]OeAG_@J[r@?p@SZBT\Ur@XXz@RNTGj@@Xv@h@b@dAC^NVKH\GF@\r@nABZNRX?Lv@TJHv@XB@l@t@pBCn@v@fA^|APtAIt@NBg@nCY^u@Lw@j@gBr@TdBShBZ^nAXLRr@?zB`@OzA[`ARGCOL\YKo@R}@bAaBv@It@Qf@w@x@S?Of@{@b@M`D]rA]f@UN]AQIe@f@i@DMOBW_@iAA}@HQsB[pC~D@x@G^S\]DWl@e@CS{AQMIa@QEBMWISXKfAo@h@]OSu@mAFWj@KHNVE\Hl@Iz@FBOl@Dn@HTVUh@d@Bd@V|AJLKJFXd@\KD@Lr@NHQLFzA_@`@b@\?^n@pB`@ALz@?VLJLINBb@K`@SRIr@KIi@PUWJXYKYi@OBH\d@b@BPMS`@tAq@`Am@H^EoAXe@|@Ib@QRDjBIzAcAh@Ud@Db@Ev@RZBt@b@d@AXPR@h@Vl@?r@P^St@LRCJQAGYWZFYNCHRb@F?JfBHdAx@GFG?Ir@WHu@SSJXdAYVJd@d@h@a@jAA\[^Nd@q@VFNGBNIMe@IIHFFq@bf@hDef@kD`g@lDag@mDLv@JGT_B?q@Lg@Sa@Ky@`@[Ec@p@CXPD]Z_@@m@WLa@a@s@S@KGCgBNCKnBiC{@vBDn@w@QN@DsBEGNM?Qo@yAa@qAE_AQMQ_A][Gw@_@y@@Qe@aAPe@}BkA{A[CiAw@eC?sE]EUm@i@YcBuAc@o@Oq@}@OMM?GKRH@G[HI?HKKVZc@a@b@b@}@g@d@XaAgA[MwASa@g@]Ow@HoAWUUsA[h|AuhE,2,,,,,304.0,47.9,5358900618,
2,Calentando Las Piernas,15256.7,6270,8286,354.4,Ride,Ride,5021256991,2021-03-27T16:32:16Z,2021-03-27T17:32:16Z,(GMT+01:00) Europe/Madrid,3600.0,,,,22,2,0,2,0,False,False,False,False,everyone,False,,"[41.462063, 2.249768]","[41.462063, 2.249789]",2.433,11.3,False,False,False,5354356623.0,6efb634d-3d68-4501-91f2-8cdfacacdaa9-activity.fit,False,6,0,False,41979529,1,a5021256991,{`a|F_lvLx@~AMl@\`BUx@s@h@_@tC|@h@v@JIc@H^NEQYVNATSU@Vh@CSXe@k@GNDHf@WFRSKLTQWJQ@TNGCWMb@a@[`@d@FEB\Qz@z@`AxC|E|AvCBZMRqEfAqAp@mCDkAVcKrFk@hAgAjAH@CZg@RN?@ZUZjDxIsBdCNn@Q?QXCPJLeAv@APH?ON]CUP{CdFMr@aA~BiAv@{@nAxAJzBv@LOIMGLB]IKi@`CaAbBmDhBsEvDeBX_BMo@bBFn@fAX`@j@fBf@VVTv@bCH|@|Dn@h@UWj@b@EZJU?Q^EhDaDz@uB`B}@\eAMeBBw@VQf@XfBfELPXIc@_@eA`A_DPs@Zi@v@g@xAmBtA_BfBYCLNNOMJOr@e@Rs@nB?x@YfALpAxBZf@d@zAA^Tn@q@SeAGDRx@E\g@T_AIr@F~@_@Ik@g@eBa@g@FB?S{AmFYg@Uh@LG@UENF@@SKBPSBJ[d@Ov@q@NU\UCo@bAM|@k@P]r@BVz@z@dA^ASe@@mByAS\]pBcAKW[uBt@{AvAeBjCYCK_@PV?SKHHAESDPDCQJRp@St@sAtB{Aj@w@?_Ad@gDlAiBXoAa@o@kARVWSoBGa@[Uk@S_FP{AIcA{BEm@^i@nAiBtB}@r@gAdBa@V[AJd@|@JXNHZK|AcA~CKtAJn@j@jAn@`LNbEf@jCvDjAnE`@lCdA|@bAdAj@l@rAfAjAvBpAd@fB?dCfAxEvDrAdAdF^v@NgB~A}@OKDwBv@yC|Am@Zi@@k@UsAi@i@TEtBfAVa@bAuFv@}AA{@VS@Yc@Sb@SFu@b@iAL@SPT_BQsCl@aC`AaBXCNi@ZQZ_AjAiBj@S`DuB?KMAe@\iBrBkAZMj@u@lAnAkBPm@`Bo@tB_BRqAIWeBaBQ{@g@}@_Ei@mB{@UcETY~@QhCkAt@iBMcBR_@EkAw@cCe@i@wAsGIBHB?Qy@a@g@sAUgBOUgCEa@aAm@k@HBs@Eo@y@mA[O[z@{BrA\zBWfBcAfBiB`D_Cf@m@xBeFlBiCxCiCgBqGjAw@Tg@tC{B@WHAkEeJMs@Vg@|CwCKkAvC_B`@?xD_B~I}AfCmAF]K]yGgLEOLm@EWeC_E@i@a@m@XoAlAyA[kAOG?uBNjAEf@E[,2,10.0,75.7,474.4,False,254.0,38.2,5354356623,
2,Comida en el restaurante Con bicicleta del decathlon,39450.0,13722,20611,1020.5,Ride,Ride,4977860180,2021-03-20T07:22:14Z,2021-03-20T08:22:14Z,(GMT+01:00) Europe/Madrid,3600.0,,,,60,6,0,3,0,False,False,False,False,everyone,False,,"[41.461787, 2.249247]","[41.462098, 2.249779]",2.875,14.0,False,False,False,5308859023.0,38c6765a-6bd9-4dc2-8945-b0050c47fa49-activity.fit,False,15,5,False,41979529,1,a4977860180,c_a|FwhvLd@e@a@r@BfD}AfA`C|D]IFAf@e@Qp@Di@`I`SwP|BmJzFsCpDNfBzDlIuCbBFbA{J~N}D|C_AxGqAtAaKYsAeB}JuGwDu@kPrG}EZ{@~AKjBpBjJsAfG}GpCi@tBmAh@gA|BsKbCx@bDnBv@`AzBlFzAr@bCoApBsA{A_FxAiEGmEO}GqBgDoHsFyEgAkDaCsA_Cx@uNmM{AeDXkCsBaF{@uAjAkCJ}F`BqEc@_BzAsAb@uOx@sCi@cEt@qCmA_IhAeD_AwHtCwDyCb@aAs@~A?nC_EmCsFBcCaAcAuBiIiBsDd@cDv@k@oK{KaHm@eByCqAe@QqBmDiHyHeBaAoAsAwGkDsEi@{BcDaBgC^yCaDjAiGsAqGPeE}EiK_CUyCnDaCcGkDx@cD_@^eD]iAaDU{AsASmDoC}@mAmFrDeHm@{BEiE}EgAaAoD`AiGuB[oBr@CqAo@YwAaGLeEa@kEwAdAuDa@gD{MDoAjA_CGkEf@cCc@uFsAqDdAsH{@iDrAk@|AgDxFwFiAiJoDmRmCcLLaGpDqIjAwGuAmBqMsI|@oLk@qTm@}@wE[u@iCl@}CrDwCOcGz@uCvCmBbAyG`DSbAiA_@yEnE{@jCsBmAgIsMsMw@cBMoEgAaDuE}@_BgGBmGwB_J_@sJm@}Aw@q@eHYcRtCqAaEcCqEwHoFqAvSLtDVU]wHnAcOjBjCxD`BvAxCzAdAXhD~DLzLiCdIf@~@bBl@~KdBrHEbGjBrH`FdB~@dCCfEp@zAdNlMx@|If@CuJrCOv@r@lDuAtAkCBoAhG{ClCkAjDb@|FeDdC{@`Dx@vBlGpAKtGv@zMkAnITnAhK|FxJbAx@n@v@xC|FfDlDFbE\zD~@`F{EjG`IhAbF~EpJl@q@`HO`@~AzBpApJ{ECyB{AaAfJyKnEYlJoD|D|KkEpAGfAjCjDvE~KaAzEw@dAoBRGzAl@`B`C|AnEa@\nCcAvC\zCvEc@xLcH~Bz@jC|FvF`FvCfAfDEjB|AxEn@|IzLXzBhDQz@jAvPv[f@bG~B`@l@nAbLjGjCzCxJsQ`B@lBnBxAeCN_Cb@Mz@H^~Bn@Hp@mBUcEbB|An@|BhA@`DdNp@Rt@hCtAnHj@`@PiBDzCjBl@tBrQjHlRlGzKbMvXjd@xu@oCd@mJnL{E`FaDbHoBlK}D|FwBfAy@uBdBuCHuCkCfBz@T_Bz@LrALkHeAdR|@_Jw@vDr@mC[lD\b@mBVm@r@_AgB,2,10.0,82.6,1133.7,False,454.5,7.4,5308859023,
2,Se le Rompe el móvil al fortis,7927.5,2991,3502,155.6,Ride,Ride,4967929296,2021-03-18T14:58:34Z,2021-03-18T15:58:34Z,(GMT+01:00) Europe/Madrid,3600.0,,,,2,0,0,2,0,False,False,False,True,only_me,False,,"[41.462064, 2.249764]","[41.461997, 2.24973]",2.65,10.6,False,False,False,5298483305.0,c436b562-872f-49e5-bf61-d077dfe2ca0b-activity.fit,False,2,0,False,41979529,1,a4967929296,{`a|F_lvLCCBXF_@AEDND?AEEAAF@CRT@h@AFJXDXBt@AVDd@?r@?JKDe@CY@MDEJ?FHf@jAbBVPFLFXFBEGAHMEBAA@\p@?f@jDfGjBrCTb@FXQRWLwATa@LqAj@wARi@Ce@VmCb@u@\mC`BcBtAoA\GF]t@o@dAk@z@AJR`@?\FXp@lBZp@hAtCDKI@?BD?FA@IIC?GKFDGDB?F_@d@w@t@e@XETVp@GDS?IN@V_@XOXALBJEF@TJh@dA~CDTEPi@\g@Ro@r@o@h@k@lAq@fAKHy@xAUp@Yf@mBpBuA~@eCtBs@d@sCj@]?[He@GGDSr@MVIZBRd@Np@JPJR\TPb@@d@P\^Xr@\B`B?TJDFDNCn@L|@RTBXHPf@ZPPs@Gf@@BH?HUTIPCf@IFc@?EJE\IXUPELG`@Dh@M`@E\B^Ax@AHEHMDIAMOUQWc@KKg@EMFMXCNAd@FDIPUDmA_@c@DQJYZa@JWP]\MRCPDl@A^CFXZlAz@JLCDI?CHFBA@?CCDLFRd@PFJ?IJE?ECDE?MIINb@VdAZx@PRN^BV?b@EQDJBDPDTE?H@C@DJFJGFI?IHI?H^IVC^Hd@Qz@GX@PEICCHDEF]D_@?WAO_@kA@[DMDG^Ch@OPM|Aq@RSh@gAF]?_@Om@Jw@?]OaAQi@Km@MW]a@Gc@IQIg@u@uBCW?SMEGKe@_@OWEYE?QQOw@GmACMU_@WDs@Tg@BQCIc@K[QSe@Ue@?UE]a@aA_@OKGQb@u@LYF]DCb@TT?lAc@hAWhAg@^U~@aAbBcAh@e@dAm@RQPSNYZgAp@wAv@oA|@oAl@q@ZUZ_@?Il@e@NU?OcAuCOaAX_@Xe@HE?DGIR[BQEIFURODQt@q@b@[TIFOGA@AAKMW[e@a@iAQ]E@Yu@U}@Qc@G]Ug@F_@DC@CIK?MVq@j@i@JMLEf@y@NCx@i@?@HA?CEFLBJIFSLKTMbAw@j@Yj@c@RCf@Yl@QfAUJKZ@j@Ox@Iv@?h@ClA_@HFb@W\k@JKe@qAeAyA_BaD}@sAQm@GKAa@@KXy@Zk@RMh@?^EDM?SMcB?_AI_@Y_CC]FIEAEQWYGLg@^e@TYa@CDOBCAOa@?I,2,10.0,69.5,208.0,False,162.8,44.4,5298483305,
2,Intento tablas Sweet,1820.8,500,645,57.5,Ride,Ride,4963306885,2021-03-17T17:59:15Z,2021-03-17T18:59:15Z,(GMT+01:00) Europe/Madrid,3600.0,,,,2,1,0,1,0,False,False,False,False,everyone,False,,"[41.464489, 2.239272]","[41.467646, 2.229126]",3.642,9.4,False,False,False,5293650196.0,402025c2-480d-4fe7-b383-65212bd21558-activity.fit,False,0,0,False,41979529,1,a4963306885,_pa|FmjtLHZFFDC@GKEIDEX}AhAELHj@QTQFc@h@U^ERCJFTRh@Rv@p@`CAPENQZ{@b@a@f@SNKPO?OBSl@OPoAxBw@jBSTS^MJ]Jg@h@u@j@u@r@u@d@w@l@e@d@QLyAh@k@Ji@HkADQVa@|AAXBDfARJFNXNNj@NCEDAb@TZ\\n@RFpA?`@AHLFf@DBBRGE?FGw@K[KGK?_@DUAQBW?SGGE@G?KMKESIM@LZd@Nd@pA?`@GH@HHFZBDH~@Pj@TRH\LRd@XHB?ICABCG@ECB@,2,10.0,111.5,55.7,False,126.2,77.8,5293650196,
2,Con el titijouns,12824.3,4793,6905,296.4,Ride,Ride,4957321698,2021-03-16T15:45:03Z,2021-03-16T16:45:03Z,(GMT+01:00) Europe/Madrid,3600.0,,,,9,2,0,1,0,False,False,False,False,everyone,False,,"[41.462057, 2.249768]","[41.462021, 2.249643]",2.676,12.1,False,False,False,5287408698.0,e3c0ace9-8361-4502-a012-269156fa8682-activity.fit,False,2,0,False,41979529,1,a4957321698,y`a|F_lvLFXf@TKfAK??Nr@\HP]jBoAXOn@j@v@P~@z@n@^|@Qf@d@z@Bp@]Tv@GLT@b@W\uAv@s@t@Qd@kF~AYTK^iD`B_@d@Q^Kv@u@pAJdAJT?RIAHPOAcB`CPf@Ib@`DjILDIGQh@eBvAPr@m@b@e@z@}@~@cDfFY~@`@m@J@L^G?l@n@AUQAn@f@^b@BPeCvD_@rAsAbB}DnCe@j@yBbB{Cn@wACo@rBBTRRbAJd@j@p@HS?@H|@Pr@rAfC?j@~CRLVp@b@\JACIKD@JPO[FPJbBmB~AuAz@{Bz@]f@i@Vy@EeBJs@XBp@t@b@l@\jARRDGKBu@}AaAuAWQUBKf@BlBWdAmB`Bw@hBeDpCMV@z@vAfEl@fAv@zCCZU`@Jz@C`Am@vAaElAURCZd@tBWdANPz@L~@j@zCXl@bA@ZOXC^_@CiALsCzBm@`AKb@uCpCI`@GtBe@tAk@d@m@?gAj@[]Mk@B}DMq@{@eC]q@cA_AwC_A]WAWLg@JSBH`@qAh@q@d@MNWKII_Bo@{CCmAKu@Gh@_@v@iBnBuAR}@\{@H{BhAkARyACYQMi@kBQsAu@IwADQK_@CoDRuAAMeDEyBfCoAlBl@h@BMWEQU`@d@P?vB_As@H_Ar@UELL~BcAN[GBPG`BsBn@gALAHDMBDb@Yv@LhHNn@jAb@~AFd@t@TLdBBrAYtA{@rBq@lB[|BwCJ]Ei@d@YTe@h@e@f@cA\QWVAjBFRzAhA@TWLXNv@dAr@xB^h@@HUTLLPEGRJNp@]AR`@MnAAt@]`AFTiAa@oBHm@hAUrCuAb@y@Je@QyAPo@ASs@}Cg@s@w@mDc@}@Bg@iAu@Kk@U]]_CqCOu@uAsASm@u@iASGURKRoAVc@n@RdA@bBi@r@]`JaHZk@|@qCtCyDl@eAvA_AFs@eAaCWw@@YMDlAiAH[N@IOFg@bBwAr@]?ICJGEWq@KATDKJL?fAiALYZwB_@_Ce@yA?]tHcE]wBO_@v@e@LcANWvAwArADlCw@vAGVj@Ab@J@RUBKY}@{CwDWk@uAsAOqAFaAc@k@aAwBc@i@Be@k@qA@IJKNHfAkBbAkAAWQKs@@KTKMNFIA,2,10.0,78.3,375.4,False,230.6,44.9,5287408698,
2,Doble Vigía+Padme Line,20513.3,7610,10602,640.6,Ride,Ride,4938234096,2021-03-13T08:07:19Z,2021-03-13T09:07:19Z,(GMT+01:00) Europe/Madrid,3600.0,,,,77,6,0,2,0,False,False,False,False,everyone,False,,"[41.461647, 2.247158]","[41.462057, 2.249803]",2.696,11.4,False,False,False,5267304104.0,b527f16a-aaf3-4a32-b398-225cfec5d72a-activity.fit,False,19,0,False,41979529,1,a4938234096,g~`|Fu{uLGUHvAZv@|GvLC^cFdA{Ar@aFb@kGlEmAzBoCnCP~ApCzGKIJROEyAxA@dA}@d@Ud@Qz@FSAzAbAlB\xA_DbC_CnDyAjDkDjDkFtD_B^iCAs@rBJ^hAHx@x@rA\Xj@[g@Tf@Q^Ro@_@g@hAbBvB?R~At@rB|@f@MGe@fBw@PoAzAMz@sAz@cA|C{A_@k@L}BfBKzA^r@bAt@AZxC~F?`@QFb@h@RGVeAn@m@w@z@Qr@l@}AVGjAzAXc@jAG|BhAlD\h@j@Nt@k@hAkAC\Fi@?oBbBuBzCmBhBYn@AjB}@tBwCv@i@uADcEqAiD}AiBqDwA?g@`@gA`AcBx@i@McBu@oCOyBy@fBgB`B{Dl@aDzAeB@s@Sc@o@{AEsAs@Qs@DyGPqAkCWi@N_IzJ_A?aDvBcAQiAdAgAwAeC`@oAl@{DB}Bi@cCLiB{@sC[gEqIu@q@_@AiBiBy@aB{@uC_C}@qAhAWA_CaB{DeD{DiE}AuDRaCiAqBc@eBe@QMg@F_Az@iBJcGzAeFYa@Bs@rAgACuF\}AAcDt@kCOoEf@gD{@qHJeA^k@HkAq@{EAgAXy@xBiCUM{Bv@yAeAl@Pt@WdAqBfAm@Mw@oAeBu@yBB_Co@m@q@aCkAaCSqBqAyBFsAnAwCqCgDsCqBcAiBeDaAkBLq@WqA_CuAsAmAyCcAiAc@iBg@u@sD_@uBcA_AkAEwAq@qAYcBuCqD}@eDoAK_BoA}BTgAm@qAkCHcBt@sAHq@mA{FJqDHSJXxCJ`@S@aBxDyAMGdAb@l@rAXGBvAd@f@d@?jDhCRa@h@FASVzANIZ\DdAhBzAhAxBTrBf@x@vDPfBSx@m@x@KVe@`@A|@y@bBr@r@nBp@CbBc@rC?rA}@hAp@r@BvAs@z@`@r@i@`F_AvFiDnFaFvGqCjECvCiAxAIpIrAfCk@xMsGHfEh@rCg@|M^bF\j@lAeAjA\pBKj@Vd@r@NjACdA}ApCA`BV`A`@l@xCb@x@jA@nB}@lAY|AhBlELrCr@`EUd@bB|DLl@vEdBtGOv@PGg@{BqCg@G]}A@cC{A_LfBcHI`A{AbFtAzJPbFhEjEIHx@f@^x@~C`CtGhBlNQnCvDb@rDnCvEjABlAKxArA`@M^p@pA?z@m@tAXLTEZAg@,2,10.0,90.5,688.7,False,433.4,47.4,5267304104,
2,De Panas Con Lluvia,14882.5,6776,12221,436.1,Ride,Ride,4905924305,2021-03-07T08:52:43Z,2021-03-07T09:52:43Z,(GMT+01:00) Europe/Madrid,3600.0,,,,60,3,0,2,0,False,False,False,False,everyone,False,,"[41.465943, 2.237616]","[41.462067, 2.24981]",2.196,11.6,False,False,False,5233183412.0,ee84ecd5-bb2e-498d-8038-354a4ce3452e-activity.fit,False,3,2,False,41979529,1,a4905924305,cya|Fa`tLAYr@i@IKFa@z@pBBSOJi@DRPr@[oAX\s@KA^KPWIZPDMMB_@c@`@z@`@EQH?@JUFOIKXx@vCr@jAGp@aDnCi@bA_BlBcAfCaDfDuGtE_BVg@\gAa@_@rBFNv@Nr@`AxA^`AlAnBd@ZnAlA|AFp@DHFOc@tBmB`BFt@OnA@`BKFo@_@I_@o@a@c@ZIfAQZcBc@_Bv@YZaA\{@~Aw@hAQFWU`@COCI[PVNEUNHG@z@u@~Au@z@WGK@[h@m@Xi@Ak@\kAJcCvA}BCc@SIe@QMiBG_A]Qo@HqAGyDKg@h@y@{C]uAr@mBzCyCpDkABmBtA]HFOGAw@h@MSDJK@JMa@?c@bAQDUa@c@i@WI_BPoCfAMGNCoA?kAP{Bo@cCF_Ak@yBe@qACeCaF]gAsAaBCINEDLGKGNiAY{AoBcAeDc@u@IBNJ{BmANDu@Vo@p@aAOc@_AqDyB]c@FA[M{AkByAmAiAgC]gADgAT_@@[eA_Bi@yB]@@b@LJGE?|BaCjBMf@hBdFdArBTtCHVJWDbAObALhBUvD_@DJpAj@`@^fA~@vAlBlBlBjAFlAPET}@@iCf@Pr@z@^IQET}AAmBKe@v@eCtDuFf@Sp@Dn@g@NDCJbCbFvC~Ci@WGMp@^v@|@xBdEjBj@hAbAd@BfArAbAGeBe@Xh@DGe@k@F\XJOOELf@N@Oo@M\VzBStBd@`BIjBTlCo@b@_@j@Ad@jAPBvA{@~@Iz@a@]P@PxAaAbB]bByA_@DbAqANJjC}@l@Lj@gAlAeBPS\Ae@rCAn@b@jFrAf@hABXRXn@z@NbBInCmA|Ak@Mf@V\v@~CId@LLGhAiBp@Ub@Ab@LRdBKbDn@VG?uAg@]@y@nAuC~@]GwBw@sCCqAS{A\FxBgDjCeBp@AhAZvAuDbAm@Ly@pAkADWrAe@VmAzAcBAS_@g@qCuAaEHw@yAoAQaAaAkAOGi@~@iBhBFzBe@pKaIfA_DzCcFvAoAjAi@KIJBEJHGAOI?Ca@SGA_@y@iAY_BlAaAN_@}A|AOC~@oAd@WNa@vCuBWaA]EW[iCuHB}AdAu@t@sAz@]OAG}AJ{AN_@jHgDt@AXTv@cBb@GPs@bAuA`Aw@Jo@xAoAG_DYaALSDg@]iAOkE]yAi@_@{@Z_A[APIc@,2,10.0,85.4,578.8,False,458.9,44.4,5233183412,
2,RP Vigía Y Aprendiendo de Trialeras,17019.4,5908,7118,509.2,Ride,Ride,4884275745,2021-03-03T15:06:33Z,2021-03-03T16:06:33Z,(GMT+01:00) Europe/Madrid,3600.0,,,,135,4,0,3,0,False,False,False,False,everyone,False,,"[41.462032, 2.249764]","[41.462043, 2.249768]",2.881,12.6,False,False,False,5210382878.0,0100a902-16d2-4327-8d8e-d25ebb124098-activity.fit,False,125,0,False,41979529,1,a4884275745,u`a|F_lvL|@vAULBnBg@fAw@DCVpAlCd@HZ\h@lBpCrF|BfDD|@Ib@gDhAw@h@uBNqC~@q@BsBvAyCtAkBxAyBpBQb@FVbD|ITPSI?LJKOGe@dAmAdAGTLj@FEWVFLOA_@Kp@Nk@KLFK`@aFbGi@~@gAtD{CnBDT~A@hBh@B^o@`BkKdIsBf@_C@STa@`BB\tAVz@v@tAVZr@uA|AkCxGaClDyBtJFvAIbAe@lA_BbBkEl@oD`BgBCkAeAoAKsAu@Mg@GsD@mBXcAmC[eAr@c@v@mClCe@dAqAnAu@AcAd@eA`AeBB_A~@M?W{@_@]iBVoCbA{CB}Bk@kCHeBs@mCc@aBaCiBeEg@k@}@SwBsCg@eA]}BiCmAYTJLINGSFg@f@KNRaKAT`AsAaEoBkBy@Kg@oBGmBy@e@q@sBe@e@Ji@ZKBSi@k@}@kDR`EkD~BT?FdA|@vAd@jB`AtBp@nD@n@Or@H|DUdA}@\Mh@nBxBjBzAnBnCtAv@L\G~@DVNBXk@MqCt@Ft@`A\{@P}E[o@RcB`@u@hCaCjAmB~@Pt@MHNUHCuAb@rBvB`F|EdEhEzFvC^TLHNMt@TJvA@zBd@pFQzAi@j@Dl@Uf@RP`@~@I`@k@[MZJIIhAEfGsD|B_@HHI|@_@h@Gp@NpBcBlFX~@HxBOnCU@KdAAt@P^XbBPrEPtA\h@dAS`ApAbAj@tDh@zA`@xBnAFMb@XzGfIB`Ct@fFZbAx@x@lBT`AfCLt@hATOa@WI?_@Ve@v@a@Vc@JoEf@qCFQZHp@aBN`@f@?|@Mp@gBb@cCbAeCGy@f@wAFcA`@{ABaBQs@?y@`AiD|@e@\m@j@iBlAcBdBi@jDyCXHXeBIeDkBeHDeB\s@g@eAp@yAaAuAaBo@yByB|@`DPFe@sCi@oAMLKUiAeGLk@`DkChAmBOEIV_An@APA]d@{Ar@kALqBs@aA[gBRiCEa@HcAx@cArAk@Dc@h@iAODXKQFPw@@~@C}@Iv@rCeIa@He@g@UqATTe@u@G[NIKBPk@CwAj@]f@y@`BsAn@Y}@yAmC{G?aAKY|CaEv@?pDmClAq@f@CJ]p@YnF]rE}AZ]sCyFmCmDUs@N[EUcAuBiAyAKuBI]tBoCMq@c@W,2,10.0,92.2,544.7,False,458.9,47.8,5210382878,
2,Afternoon Ride,16776.0,4929,7482,540.2,Ride,Ride,4884285677,2021-03-03T14:58:19Z,2021-03-03T15:58:19Z,(GMT+01:00) Europe/Madrid,3600.0,,,,0,1,0,3,0,False,False,False,False,everyone,False,,"[41.452657, 2.236685]","[41.452821, 2.235989]",3.404,12.1,False,False,False,5210393057.0,stripped_health_data_41744300_1614791040.gpx,True,0,0,False,41979529,1,a4884285677,af_|FgzsLJCG?Bf@GFPHCKYL{@KkDfEQe@OC{AXq@@aA[e@T_BqAk@MoBVw@Eg@][q@O}@D}AW{AQYa@gCcAaD_@wB_@a@eDxA{Cv@{BxAmAZwB~AqBt@eBlAiB|As@Yi@@aCnB_@U@WyBmFOCFPAQYDeFdG_C|F_D~Bf@TtDl@DNi@|AcLxIcCn@_BAc@`AO`AnAZf@j@v@PVVJh@sDfJoBlCi@pAgBpHFjBAfAe@nAaBfBcDj@cEjBeCBo@o@}AKgAu@U{@U_DN}CA_@mC_@SFiBfBgBtByBrCyAVeCjBsAGm@p@YCa@y@QEkBReCr@aDJgB_@uC@kDgAwACsAkBeCaG_EaE}@kCy@_AeBy@gAd@qA@mF{DeFqF{AcDGk@TeAA_@y@_Bi@sBWB?rCwB`BMt@TbAfCjGK?PAThC\rA@l@K~FMf@_@N@dAdAbAtA|Cn@b@r@dAfB~@JxATMLw@LeCxApAXS\oDSyA`@{Ar@wArA}AVq@TUf@Wv@@`@_@p@Zv@bCdA|ArEhEF^lBjDlA`@v@v@xAZr@~@PHxASzBd@tBE|APhBq@d@B\Yp@Er@fAnC_A|@y@jDy@hAkAv@?NTIlANpBOx@c@|@?xAe@zA\fDIfDS\b@bJ^fCVTx@FpAv@dDb@lDlA`DnBxCjDfBlAXr@BdDp@zD`@h@lDhBpAzEJLTIEJFy@hAs@HqCd@wEZgAh@ZTsAxBYt@oBXmBXw@f@_AG{@b@iADmA\s@Jq@D}@OcA@cARUA_@VgA`@y@r@e@Le@\K\qAnAiBx@UpD{Cp@?FC@{@R]@eASoBqAsEMaAH{BZgBCQg@]`@e@@[s@eAiBgAqAeAXnBg@kCi@cAyAyFJc@jD{Cp@eBcAh@z@Wq@Tn@SeAd@A]f@}Ah@i@Li@DoBi@y@QmBPqEEi@~@kAl@CVQFi@`@UFQtB]tAiAVG|BdAf@r@v@bCf@j@b@`ALvBCvEd@lBj@jAVxAGx@o@fAU?iAk@j@~AQ`Ap@d@L`@tAjARd@dA}@t@_Bb@u@n@Mp@m@dBi@VJTAtHcEfAiAdCwEr@gBp@{@jC_GtCuD|B{@l@k@dAIf@^|C{At@}@N@GHFBhBc@e@tAKpASU\TOmA,2,,100.5,495.6,False,458.9,54.1,5210393057,
2,Morning Ride,17284.7,5799,10703,525.4,Ride,Ride,4865096685,2021-02-28T07:21:07Z,2021-02-28T08:21:07Z,(GMT+01:00) Europe/Madrid,3600.0,,,,0,1,0,2,0,False,False,False,False,everyone,False,,"[41.461489, 2.247062]","[41.461008, 2.24375]",2.981,11.7,False,False,False,5189515319.0,8B0B474E-A177-49AE-AEB3-168FDC2E75A6,True,0,0,False,41979529,1,a4865096685,g}`|Fc{uL?p@Oh@fAxAbFjJcBpAeDpAyGbAmCvB{CdBg@?k@p@y@`Bk@j@Ch@bDbJuBjBGLNl@mBfC|A|CVz@A^uElFwC~Fs@v@yI|GiDz@oAOs@pBHVlAVr@v@`ANx@tAjCJd@`CzAjC]^Ej@m@HGj@g@v@Bt@_@vA?`BWFoAoA_@?q@pBuBWi@b@gB~@?rB`BfBKFVn@PJnBfEIf@Rf@f@BbBg@TPXa@hAIfCfAfD\ZT|BnE^XS|@u@He@O{AuBg@G_@TkCzBu@|AcCvBKVGbCk@xA_D`B_AlB_@R_@?[aB_@m@a@A_@fAi@Vk@i@EuBy@Lq@f@R~EEdBv@`Av@vD\v@ZNjBe@`CzA~D~@d@gBf@aAE_A^}@L{Af@}AF_ASaA?aAPYLsAj@sAZ_@T?Nu@\Cb@sAXQn@uAj@GbAs@z@y@Fm@pBITYq@GaAs@_CoEgD[cCsAHqAYyBpEmBn@iAJk@OoARo@MoA[{Ao@iAcB_GKBSrAe@?Sz@c@t@Bd@_@zABtAMRm@Qe@q@c@IQLc@`Bo@@i@[o@HsCjB}AdCm@^NZOj@{BrCqE|@aDxA{@HqAKi@w@oBScAg@[mG@_AT}@E]}BMi@LwHtJuBd@oBxAoAM_AbAaAoAsBTeCv@mD@oAa@mA?v@KRHgCF}CaA{BQWUyDcIyDgEg@cAa@mBi@c@TCr@JDm@~@k@vBT@c@Ta@P_C`Ac@r@wBj@UfF[Bg@Ra@Om@?iAPwB`@cB@o@SSx@Dr@iBAy@UuADg@\U[~ATpAEj@XY\Ld@dB`ARPTFKTqAI_AiAcDCsE[eA_BoAk@iABsAnAwC]|@FVSOo@nAHpBQ|@aBnBfAkAb@yA`ARp@u@v@RfBUvArAxBhFlD|AjAvAx@ThAOv@JdAXdA|@t@Sl@gBj@a@rFo@dNyEjEl@dD~CbHxDjGfAxBWp@_@p@kAb@gE\aAtCsBpAyCBRR[\ZPIp@iAbC}Be@cBDOlAo@Ho@Tk@bBsAO]Pc@iDoIFg@Qo@lBmBl@uAp@HtGiEnAa@h@iB|@mAnBAxCcA~@D`@jA\GAmAeHeL@e@^g@Ci@tAOHc@G{AjA]BeACn@aALJxBaBjA@b@g@pAhHpMeAbA}Bv@,2,10.0,72.2,418.6,False,344.8,50.0,5189515319,
2,Íbamos de trialeras pero me caigo en subidas,10790.7,4219,5289,279.7,Ride,Ride,4797150156,2021-02-16T15:30:35Z,2021-02-16T16:30:35Z,(GMT+01:00) Europe/Madrid,3600.0,,,,10,2,0,1,0,False,False,False,False,everyone,False,,"[41.461891, 2.249161]","[41.462033, 2.249711]",2.558,13.3,False,False,False,5118760795.0,ae81739d-4f90-4ddc-b83b-7fcd41b67e75-activity.fit,False,8,0,False,41979529,1,a4797150156,y_a|FghvL}AfGAF@HJRXR@IPl@v@t@Lf@FIPJJf@l@tApExHb@l@@GFp@C^iAl@oAVk@^IXq@^[BgBUgBJe@CgD`C]n@URm@JiBdABCWXcA~AIh@OXbChJBh@{A`A?h@_@d@Qt@{@r@MXjBzEEZg@r@Of@cB~AiA|Bw@fAo@jAeCzCk@ViAbAiDvBi@ReC`@cAIg@rBHZ|@Z~@bA`@Dh@Zp@|@zB?JjANb@PTRx@r@j@Eb@LJU\KZUH[|@e@v@@r@YbA?lAKb@MBe@]Ue@[Wg@@GHOrAQb@m@Qc@U@EDHu@LSTuAz@ONChADVXd@dAbA@FUFhAhBGL@HhAlBDn@FJVHBWWCBb@b@ANTZMzA@nAOvANzAb@jC\RNb@n@nAtCn@h@BRCTKSgAH]Ic@c@e@u@YSUAa@N_AfAgAp@iA~Bs@v@}@t@Ur@IxAH^CLUPqAX_AhAw@Z_@v@@XKNu@OJf@r@i@Zi@HUEXSn@cA\KND@hAqAB[B?M|@i@t@hA{BEISRAj@cA\Y??Ha@eB[c@MJI^aB~@OOIo@Jw@Us@e@@c@n@YRCx@Wt@\rALt@Mz@D^t@n@FNf@fCn@lB`Aa@`@EtAFv@x@j@ZpBh@PLVBRQTgAr@uAFs@J]MEVW?e@PaAR}@JOHcAHISg@?k@DaBReAbAaBRCVe@f@[ViAEEz@{@R]zA}@`AeAHO@e@FHVQ|@?`@KEQPkBM}Au@wC?U[}@K}@MUFcALDLKxAaBb@m@A]kB@_A]wAnAgAZWMCQXk@Hq@QaAHgAKgAW_AuAwDu@wCk@m@k@mA[eAO}@MOiAHk@IOI@Ia@w@wA_@m@o@gAYGSBUj@eBLG|@Jr@InBi@x@m@`AuAt@Y|@cAf@WR@I?|@k@l@sAzAcBBSM?`@{@lA{A^cAtAyBA}@K_@DWQo@SYDYCEBc@SIDSEPPBMFF@@GK@`B}@Da@Ak@pA{ANk@a@uAsByFIYLk@Gc@NWn@]\_@Ve@@k@DDEWy@w@}@uAYq@{@kDoBsFAmAXaB~B_HvBoDbD_B|@sAJG\?XSJ[HATVT?v@GXS~BYNDAQCNKICNAK@GJX,2,10.0,80.1,337.9,False,220.1,47.2,5118760795,
2,Petada de rueda,10205.9,5750,10036,284.8,Ride,Ride,4779296434,2021-02-13T08:20:03Z,2021-02-13T09:20:03Z,(GMT+01:00) Europe/Madrid,3600.0,,,,8,2,0,3,0,False,False,False,False,everyone,False,,"[41.461613, 2.247229]","[41.464489, 2.236596]",1.775,7.8,False,False,False,5100242907.0,7ed98910-37ce-4627-874d-da85d41c7eb5-activity.fit,False,3,0,False,41979529,1,a4779296434,a~`|Fc|uLDMFA`@|C`BnDTRxAdCLf@d@v@APSV}Br@kBz@oE`@qCfAkGjEmBzBm@jA`BzFh@hAFXKn@mA|ACJBZQLaAhBQNA`@rApDTdAy@`@_@`@w@hAYz@e@l@_DhFqDzCsAv@}AtAaC|@aARa@F{@Gq@lBFZlA^n@x@hARj@z@?NHLh@FrAKRFb@dCPVJh@n@h@@PEBO~@i@ZQt@c@v@?r@YpA?dBY@m@_@U_@][S@SJKnAKXu@E_AQi@d@o@Nk@d@I\GjADZRZfAx@BHIPfA`BX~@T^DZ^f@A^OBDQKNHPl@J\CDHIHWKfBWf@Lh@Yt@KfC~@tDf@`@f@h@~Ab@|@b@b@XLHXIM?KMn@]He@E[UwAkBm@Ke@NaCzBo@rAcCfCSh@MbCm@xAwBt@_Az@Mf@_@f@_@^WIa@kBYWc@?Ux@_@R[@[SKi@Bk@Oa@_@Ks@n@G\@h@FjBJb@SlA?h@HJz@j@p@hDd@fAVJb@U~@El@VnA|@pBb@r@^ZDJLKTm@|BUL_@GmAo@KBF^`@R[LI|@GPEEFk@b@i@GBBG^pA?`A}Af@W?i@v@DsA\uAh@ZNQ@e@N[IEJDNGHHZa@b@^RSP?EED@CMR_AHIH}@F?COYQm@C_@MSD{@]g@_@GQeAe@k@E{@^k@@c@u@CYCD?[]eAEe@i@w@Qm@C_AFW?_AQc@@m@KmANo@f@]|@ADPCh@Dv@Pl@LBl@]X_ALKP?b@d@XtAHHb@B`@o@BSRIHYPS^[rAWDKb@UVc@Fq@Tm@BWGe@Hi@r@_AXKb@_@P_@Z]X}@RYl@YhB{APE`@FAGIRBFn@p@^n@d@T|@A\eAESUEk@u@y@oBk@y@iB]o@BgBy@MM?QSF?IV_@Da@Kc@SWI}@PUh@Kt@e@n@Qr@k@j@mADk@Kw@V_Aq@_Dg@m@?c@mAoDSy@Ue@QEa@[Ko@[m@IoAKQiCMU[Ka@a@c@_@Ek@DOOIS?UKMmAGKMRa@^cBxBEr@GbAY`@Ax@m@nCcDvCyBrA{CvAaCAHRm@`@e@lC_CrBy@?G,2,10.0,84.2,484.4,False,262.7,58.0,5100242907,
2,Paseito Tibidabo,53553.3,15682,18502,788.7,Ride,Ride,4711246731,2021-01-31T08:26:58Z,2021-01-31T09:26:58Z,(GMT+01:00) Europe/Madrid,3600.0,,,,12,3,0,3,0,False,False,False,False,everyone,False,,"[41.461608, 2.247036]","[41.460421, 2.249846]",3.415,13.7,False,False,False,5029617214.0,9c4867aa-162b-4468-a7ee-e4c958bbbe42-activity.fit,False,3,1,False,41979529,1,a4711246731,_~`|F}zuLIk@d@vCrGxL{PxFuKvHe@lBvCbJeFrH`CvEYfAgPbSqFlDgEVo@vBpGlEnBLzHpSHdGoGfEXlEbHfBxFhHfCrEfDxAPjGhBjDfBl@vDKnB~HxJ|SaB}BkAjAhGbS|C`I`C|AxHpNiBbC[hG{ClG|@xAxCp@qAxTlAzAbJ@kXxa@iOpKsw@tFkFa@sLsE_BjHpGvDbGx@B|AfAL|@~XzHhJ`B`GxB`AfEQe@|B~B~AdB|FfBjPyCbJaIzH_EvGkX`PmHs@z@lE`EjD`B|LOfC_F`PdD{@|@|A~BiB|G`KpA`GxC~DhA_@|AxANxGtCx@~DkBIzCp@bBrAKpA}CjCnD|Bt@|NkClFtCrBDNkCrCQ^iAvB`A|BiFvEfFpDkClCrAtDsGpBzDxDz@vBmE|C_Bv@Pn@bIfCr@tAtB`F}AhGtAZvDk@bLv@lHuAjGxArJsAvFp@|HwApLgDdJ~@nGlCvAKnErJzBvBmCtC[pDqFl@aIdApDdCnAMbBgBl@eDdGy@bHnAxCTxE`IpCdEGlDpClFIgE`Cv@~@fGnBhBxIrE`CzBo@v@wBhAC~AzBFnDlCpEnAk@fCgHnB\zCgB|NrRjObAzExBtEtG|GfAsF\aJmD]h@b@|G`MzBdFtCpD}CqAvC_BJ{DoDwLwA{@eFn@yBzIlDvFUwHyAeDoF{GgDsMcAwMkOsCe@oEb@sArBk@fEw@XsC_DPsDsBkC}AUgBnDm@?wDsByB{HoEsD_BZoAgAhAeBdCi@{FHaDuCsCZgKwC?sDqAyErAuIdCcEjBq@ZcBcD}@s@cE_AbJsAp@_BlDiC\sArCaKsCCwEkCo@JgDiAcC~CyJV}EbAwCi@sJpA}E[gD{@{EhAkGu@iHn@kKo@kEoBEuBoBsElCgA}B{BBoAoCIaE{@kAoDnAi@`Ew@l@uDU{BsF}EpIhCeAgAnCuBVcA_BAzBxB~C}J`AeH_CmCrEgGb@eGcAcErBuEoAkDvBe@gAcFSh@iAuBsEIaI{D|AiDc@?aGsA{AcBIoCmDy@eFcGsIa@uBkCfCeAwBmC~@`F{TmBuLuDwCgAuD|HXxYuQjCeFvBoApFwHjBeIiBoOiB}EuB}Ap@{@SmAsI_@iAeG}IkJScXcA{Au@e@cNsFzAkI`L|EpIr@pp@uEnH{BpNqMfc@eq@lo@km@bSmJfa@{H`NeG~GiGb^qg@pLsWfJwYhIoVmB}AoHeEyFvMaA`@iYeS_t@wm@cDkAw^mY}u@cz@}LyPoSrVmDtG{E|QcElD,2,10.0,75.3,1181.4,False,504.3,7.1,5029617214,
2,Can Ruti y font de l'amigó,8549.6,4148,5018,290.2,Run,Run,4704598744,2021-01-30T11:20:16Z,2021-01-30T12:20:16Z,(GMT+01:00) Europe/Madrid,3600.0,,,,4,1,0,1,0,False,False,False,False,everyone,False,,"[41.462107, 2.249686]","[41.461984, 2.249785]",2.061,5.5,False,False,False,5022699918.0,ced46cb5-39d8-4448-8437-d59f830c0f5d-activity.fit,False,0,2,False,41979529,1,a4704598744,caa|FokvLF@@E{AFOCQFOIiAHa@MGX_@T]H[|@SV_@Xu@Nk@f@{@ZcAfAU|@[XWZ_@~@i@jBg@z@e@bAYz@DZCd@[l@Mf@UTIVCA[vAw@|Bg@rBDJORMDURE^Y`@[~@_@N]?SNQ@w@Qs@_@_@WSUe@SU_@KG@GGCGS?BMk@O]o@aAWSy@]g@@y@LCDHAi@X_@HkAj@uBrAa@n@Y~@DABFEF?z@Ih@G~BQxASbA?PKj@SXSL_@h@O|@WXI`@o@XMR{@ZWTQDMTMH{A\gA@_@Gc@Wa@[EI@?CB?QmACqALQCGHa@EMBCVGHc@LO?eB\a@d@m@XU@o@OMFSKyCo@Ub@En@c@vAEp@Wx@DTa@n@OCDKCEUAMMKHM?mAe@s@A[Q_@@[MoAAc@M_@By@UY@UMQSIAIDYh@MJc@XMGEBBQJGADGAGOOAi@e@UCQOW?i@KUe@a@]]CiA]ODYGKI?FKAIL[De@Ea@NSVGl@CFBnAHLTBn@Sb@C?DCAJPKGi@JQJu@@e@^m@@w@Xm@d@u@~@[PGSJq@CWGIESOAg@i@Ug@CY@GNMAWSNuADOOi@S@EsAYk@]iAEJD^E`@Dp@NdBn@f@^ZCn@QJBFRK`@?RBLHRPVn@LDLAND\Cj@NTFMr@s@Xi@VU`AOX?TKZYBIBYCw@@FFa@?s@LSNEp@Bl@Ql@Az@Z`@Bl@Tv@t@rAh@JGIy@@e@RCZNZ@n@h@RZA@JK?DF?NRd@Ar@PPA`AXjCXd@L|@L~AL|@PTUFAJ_@Xq@T}A@uAJOlCNl@Pl@BdAUtA}@@FNA|Ag@h@Gf@@h@SbBZNUHClAv@n@JjBQl@O\WjAi@h@e@v@kAb@qA\Wj@eAXqAXmCAsDBo@Rs@^q@JGC@?BDANKPEFI~BqAvAo@p@Oj@Af@Hz@d@`@r@jAzAHVf@v@bA`Al@Pv@e@`@Ox@o@Xc@Re@Pu@PWZ_ATe@Nq@FE?GC?PGZ[TkAHQJg@\i@Nc@LO?m@Ri@Fq@`@kAnAmCnAqBTm@dAgAVKHMFABFh@]TDR_@JCZY`@u@X]TOL@FEP[CQLI~AHf@CJIP@\Iz@@NF,2,0.0,,,,340.0,46.9,5022699918,
2,2 Vigía Trialera de l'oriol,28254.0,9747,16698,738.6,Ride,Ride,4667402844,2021-01-23T08:36:12Z,2021-01-23T09:36:12Z,(GMT+01:00) Europe/Madrid,3600.0,,,,0,1,0,3,0,False,False,False,False,everyone,False,,"[41.461614, 2.24717]","[41.46047, 2.250008]",2.899,10.4,False,False,False,4983998912.0,F052B9AB-F9B3-4F05-8186-3408CA6B3952,True,0,0,False,41979529,1,a4667402844,a~`|Fy{uL?nBtHtLK^mO~CaJvF{BtC]jBtCjJ{AnB@r@gA|AVAm@ZTCQA?`AvAnEwB`BeGzKeKxHiFl@w@rBC^dFnBb@lAdC@l@|BvAtBEb@LW[tAo@Hm@xA_@zFaCkAu@nBmCOuCjB}BvDEc@Jx@kCpDaJnCz@]iBl@iBI_AaAaDw@WuGVwBoCi@cJlKo@AeDvBcAYqAtAgAoAgKpA}Ci@mBLeG_BgEkIcEwEgB_ENx@Uq@yBiA}AdA}@W{JqIgDoFH}CeBuEa@CJbD}BvAM`AzCzH_DmHNaAbCoBk@_G|@oBHcGfBsF[qAvAsAEgF^iB@uDz@sCg@qEt@aCaAkHv@_Es@_E?}AtB}DjEqBa@wCRqAiBqDbBzCLrFYx@sFnAqBu@n@ClA_BjAy@aCaGFmCcDoIAsAsA}BGuBTeAl@e@a@oAkIcJgCy@oDKgDiEaCyEgA{CcEo@oDaC_BaH_CqCyAqDgDgBhAhCsAeCkBFoAu@qAyBHaBz@kCkAmGHcCV[OYgBOg@u@Nz@o@k@Pj@e@i@Jl@e@m@Jv@]g@Dh@}@_@N^cBvDr@nB`Az@y@s@u@sB`BuDS_@n@^LA?m@Tb@Es@\n@Gm@f@h@Qm@h@l@Gw@f@t@fBDsFcLwBGcCzC_DwFyC~@wC_@TuDiAwAwB@iAy@o@kABiBkCuAwA_Fz@gCvA}@f@qAk@eDDyCmEsAsAsCFgBr@gCG{@kAYyB`@_@qAu@_@uA_FVcEc@_BBgBe@QrAmAByAx@mB|@qA`DuAvDb@rBiBCZd@FnB{A`@mE|@uAxC}CnAc@pBkCvAk@`@iCl@e@?_AkBlAkAIuAlAc@k@c@{En@YBy@dA_@EkB~FuAdD_@fCwBzCiE~YPjMcBxK\iBs@oCJ`AzG`CGdBmBb@bFrAIbB|Cf@eDrBmFdDgBpGmCjDkChBv@~B~FjD|BfAnBjDt@fCOjALp@`BhF`@fDdGxDtDEpATd@tCFzCfDxNjY`@dCC|ArBl@^p@tH|Db@v@bARzCnD^BxJmQnACvBrBfA}Bt@uCdAJ`@bCx@Cd@eE_@{Ab@GrBtC^IEr@jBtCI|@r@zALhCnAbDv@PvCxLHaDMpAZpArALhBvOjI~TpAlCtDrG~ElLf@h@Jm@GI?ZQMRUWt@`@c@Wh@dG`Mz`@tp@aGzGaBb@wCxFuCxC}CtGs@rCoANPxBoBvGgB~BqBfA,2,10.0,65.7,640.9,False,475.4,7.4,4983998912,
2,2 Vigía Conreria,17787.4,5794,10243,468.1,Ride,Ride,4511405563,2020-12-24T07:55:29Z,2020-12-24T08:55:29Z,(GMT+01:00) Europe/Madrid,3600.0,,,,94,0,0,2,0,False,False,False,False,everyone,False,,"[41.469832, 2.226714]","[41.462073, 2.249748]",3.07,12.8,False,False,False,4820276520.0,61b22793-c47a-4bdb-92d6-1945d35861a6-activity.fit,False,80,2,False,41979529,1,a4511405563,mqb|F}{qLk@BoCnBsB|Ck@KXCBbAaBjC_Af@sE|@wCtA{BKWQUs@wAAmAs@Mg@IqDAkBVy@?[qCM[L{EfF_@~@w@p@Of@gA@xBz@Ph@QzAe@jAQ`Cd@rB@dCZ`FXfBRtENjAXZfANlBjA`CJjEfBv@|@xAp@l@xAJAxChCn@|@Dl@Mv@RpAl@jBC\TbArE~Bv@dE\n@bBdHTdBI|@Q@qBvGGpB`@hD{@pBGpB]dChDA`@qBr@YTy@`@GlCfAx@lBbBk@j@ZxB~CXnCAlANXt@cAh@U|Cx@oA}A?_@z@b@CK}@DrAhBa@?u@u@}@W}BzACsB_@}B[q@yAeBg@_@cBh@u@uBaCoAe@B[jAy@j@a@dB}CGf@{BL_Ch@eBMiBW_ADoAf@mBfAgC\}CKwAsBuHWW{@gEkA}@cBg@e@i@m@kDGwE_@w@cB_AmAkAcA}AeD}BcD_AqDYaAu@mBe@a@eEF_@WqFQUIo@A}Es@uBL{AdAoD?u@Mi@{Bu@kA`@sAlAeAA}@l@S?e@iAMCiBRcAh@gBZw@OmBFmB[_BHuAy@qD]g@_@a@wAu@}@_BkD{A{@eBaBUaAgAsCcCsAgAbAw@MsF_E_FqFoByDGw@Z{AcAcBy@gCMFEZV|@C|A{BfBM\Dn@|@nBHt@dAfCDMqCsGIw@Tk@zAcAZi@EeBg@kC`AwBNoG`B}EUaAB]pAwAMwDByA\iA?}Dx@eCEkCQe@@Rl@uDs@kDOaCLgAp@qBw@}DGwALu@dB_Cj@_@WGqBb@u@Sm@i@v@Vf@Gr@wBxAq@W_A{@eAy@eCGu@LwA}@q@NHg@aB_BiDAaA[u@@Ys@q@Yq@h@kDt@m@FP\Yl@gAHyF[g@eADo@_@oAaFwAeBWsA@o@h@ONVArANr@zAh@PT^lBn@DzBcFr@w@lA_@bBqD^CtD|AtBJfBc@pEqCn@oAb@uE\yA\c@dCYvBqAf@\r@bDbAdBr@NtCg@v@v@PjATb@t@PjAG~DuD^KxItBtCeAlAh@z@|ArCtA`BrD~BpBrB~D`BvGjBhBnDz@R`@j@]`G@fFhEzHrBzMQ`APNVHx@`@b@P?Dr@XD@f@fA`E`A|CdEBz@jA\M\VpAPxDJMD,2,10.0,85.3,493.9,False,458.7,47.4,4820276520,
2,Vigía 7am,12642.2,4790,7899,439.0,Ride,Ride,4499087796,2020-12-21T06:21:28Z,2020-12-21T07:21:28Z,(GMT+01:00) Europe/Madrid,3600.0,,,,5,0,0,1,0,False,False,False,False,everyone,False,,"[41.46149, 2.247027]","[41.461991, 2.249683]",2.639,11.9,False,False,False,4807263213.0,dedc7ce2-36ac-4aae-abcf-767721476d55-activity.fit,False,3,3,False,41979529,1,a4499087796,i}`|F{zuLUWLXXzB|AfCtCrFTVDVmAt@}Ah@IZA[f@]YVMAyAl@eBd@gAC{Br@kDjByAhAu@Rk@|@}@x@[h@FZMPF|@h@nBzAzEj@r@Z`AhArBb@pBRZEZ{@d@WDe@v@m@Ps@l@{@Tq@p@{@Za@\sArBWt@}@hAu@bBoAzAaBvAgD`CgAd@_Ch@oBFc@dBC\HNn@N~@|@x@Hf@d@?Iz@l@|AJr@zBXh@Hd@z@~@@HG[BPY\Gr@g@HINGj@a@j@Ib@DX[nAFnAQ\y@k@e@q@_@COPAx@I^STm@Ee@c@COci@bCFECEa@Ze@v@wAxAM^e@f@SBi@jA}@x@e@N]EGJi@LaBbA]BU\s@IQJc@n@SCa@aAOI}@JYGeAXSTiARe@G}BNyCm@iAT_@I{A}@qAQg@Bi@Ok@}@s@gBsBaED?GJOUo@QwBoBgA}DUOWc@q@_@K[m@C{@l@IGULaAA]o@e@Uq@q@WC{@k@eCmCi@_@u@{@?KOOsAgCAQW[DeALeAaAkB[eBKWOESRT`BAdAy@x@mAr@KZ?b@`@bAn@jARbAt@tA`@fA@UYy@gAuBeA_DIc@Fc@JUdBcATe@QoCFQN@t@jCp@rADf@U`AL|@|A`DfBnBvBvB~CbCrAx@vAE`@_@XEnCfAZ\TlAVp@XV`@v@pAtAp@d@bAbAt@nB`A`B~Ab@j@p@hATZVP`@VNbCMbCh@tACtALn@Cx@e@n@?~@a@H@p@jA|AqAP?b@TRAlCiBlAYbAcA?Kj@mA?NHDLIfAcBh@e@z@gAn@[`CJBb@Yh@DfCJfAAdBD^HHtAf@|APXf@VL~A@dAQxBeAbEs@n@e@n@s@n@wAHYOmA@yApAoE`@sBdAgBfAwAjC}GlAyAAWg@c@aAM}@_A}@GKO@Wj@}ATSVLp@BtCm@~E{DfDyC\i@~@mC`BcC~AcBfAu@X]Sw@U[[sAk@sAhAcBTw@vAmAJ]COPSBOaC}Fg@wA@UdBeCj@m@^q@|D_CvB{AfKgBjCqANUDw@CYa@i@mCwEEH{A{COaAc@}@m@Wc@o@Q]@MIQBa@OGOW?g@zBeCQc@Ca@UU@D,2,10.0,88.6,424.6,False,458.9,47.9,4807263213,
2,Alella,26772.0,9211,13484,549.0,Ride,Ride,4436603575,2020-12-06T07:26:46Z,2020-12-06T08:26:46Z,(GMT+01:00) Europe/Madrid,3600.0,,,,12,1,0,2,0,False,False,False,False,everyone,False,,"[41.461549, 2.247073]","[41.462014, 2.249761]",2.907,14.8,False,False,False,4741412512.0,48c810a2-c8ae-4712-8f74-d84eb098601d-activity.fit,False,4,2,False,41979529,1,a4436603575,s}`|Fe{uLMHr@SJgAvAIOgCNm@tE]h@wAiAcGnDoEnAqHCu@jCiFrBiD~C}CzA}BTcBvI{Gb@_AyJ{PaKqOeIwO{BmDk@cBEgC_@yAuGmNy@eAg@z@UAKk@l@w@PiA}@sC[i@yBkAI_@wBcAiCcGqB_IM}Cu@gFW]cAFqBgK{EuQeBuFgCyF_@oCsE}M{GwWyC_K_DmJiDuQIwAsKuc@SkBm@W?~@Wh@TB{@p@y@`Cf@h@NzC_C\cFfEaE`BQZB~B\xAoF|Be@m@_BVsA_Fc@a@_TnIwCpDiCfGaBzAwBp@g@Zi@jBqF~EeJxFeADoC|AyBvEgB?aAlAaFrBaBkDoAyGc@UyBKkLfAaOEeCJc@ZyCIHMQ_@gBcAuDuIsD}DgIwGcHBmCe@aB~@E]^u@}@cAgCfB{@J|@cCiAtCGx@^cAnDaCfAVsAYiBfBkA^Fv@Wf@o@VsAGvAcAYyCb@{@NwBI}Ak@jB}C|BmBt@OUn@]XeAX}BMMiHL{@zDcCkJGkEV_DjDuFnAqEC_CeBeC|BGzEpAtCzDnA|@z@tAdE`Ar@WAW\rAx@SzA?bCh@lBC~AsC`BgAdAx@jBpDjAjApBlGbEjIh@_@hBM`AXnB]MA`AxBnBn@fAk@lDLoA[t@^l@A~AMx@d@TbAn@BfC~@d@^Jj@jAwASFz@Qb@m@pCg@jAI`CnA\mC`@e@zGlDHjAy@xDq@p@mBBa@f@@Zx@zCzBhB~D_Ad@b@JrBaArDh@`CrBt@~@WxD{CdGyDbAF|Ax@`ChG`AVlDpDhDnArCG~AhB|Fb@pAnB|@~BtBzApAlB@lBvCDn@b@zBzCrFxJbFhKj@zCDpCnBVl@dA`@IrGlDf@v@hCjBjA`B{@|AsE`EcE~BkB^gBSUd@_APmAGgBkAaANyFhDa@xCsBt@y@pCXd@hCv@tA`AZhB_@nCjAkArA\Nd@\tB{@kB_@@WbBh@SKrB}BtAGZhD}@[pCHd@|@h@XrDd@VEf@hATP|@R`Lh@pCe@tOXdE`@n@~@y@xDAdBxA\jAYrAgAjBGtCz@rAdC`@dAfADpA_A~AKtCPjAZBp@jBHtDj@jCSVhBvDHd@bBjA|Bn@`DlVhFtPj@ElBcCf@oAjAKnChHbI~J|AlCp@Vj@QRm@CmANGThBh@v@dBcAcBv@}@gCAw@bDmI`A{AdF{CfCiDnGJ,2,10.0,72.6,668.8,False,334.1,7.0,4741412512,
2,Entreno,1648.8,561,578,0.0,Run,Run,4360967521,2020-11-19T17:25:00Z,2020-11-19T18:25:00Z,(GMT+01:00) Europe/Madrid,3600.0,,,,4,0,0,1,0,False,False,False,False,everyone,False,,"[41.452188, 2.256415]","[41.452344, 2.256643]",2.939,4.7,False,False,False,4661277787.0,5ec3ecac-5229-4667-ac88-a03a57fcefd5-activity.fit,False,0,0,False,41979529,1,a4360967521,cc_|FquwLR^HT`@^b@`ARFLJp@`Av@r@f@p@PN^`@z@r@Zj@\b@XTJN|@n@XXXVx@jAr@n@`@h@dA~@f@n@PNl@|@XTTXj@~@n@d@RTZVBKFB?IWWGSKG?BC?UGa@WMQi@i@GI@GCKIIUKMKi@s@a@c@WQu@}@m@i@]UQY]_@S[WQu@mAq@m@IW]SYY]U[[s@gAi@i@_@m@_AaA[i@{@cAS]]W]a@SOEM,2,0.0,,,,9.5,9.2,4661277787,
2,1er Dia Montaña,9079.9,3991,6194,216.5,Ride,Ride,4028748614,2020-09-08T07:22:41Z,2020-09-08T09:22:41Z,(GMT+01:00) Europe/Madrid,7200.0,,,,0,0,0,1,0,False,False,False,False,everyone,False,,"[41.464566, 2.241836]","[41.462044, 2.249821]",2.275,10.2,False,False,False,4311995647.0,ea5fb0d4-a4e4-474e-a2ab-5d994a0c6db5-activity.fit,False,0,0,False,41979529,1,a4028748614,opa|FmztL?VKc@e@aACg@R~@Ef@IN}A`BKVJTAHD`@h@bBn@xAx@hCFAHPNALRb@pBt@xAj@rB\n@?IEPMV]Ta@VWDg@n@e@DaAr@mAn@w@z@g@XUZ_@NiBjCs@tBQp@SZcAf@mB~AcAp@cC|BcDj@eBAs@`CNXdAJbA`AdAF\\N^@NHLhAEr@@N\@j@Ld@EELf@TVDTXd@d@\KFKZ?RMXi@NKt@a@p@?EE?ATFj@Mb@I|@GNFh@CXQFi@Yi@w@YUMPSp@Ip@GFOFYA{@_@gBt@}ArAWh@UJKT_@^Qf@O?Fa@BAANS@oBzBq@Rm@t@WLk@AQFSV_@TU\sAl@_@BGHCMGIw@k@WEg@No@`@m@Qy@DcAg@MOGe@?aAKs@?aAFcBBURQCc@LE@HHMt@Sf@Bz@q@n@QFATX\LVSj@If@_@`@GpAa@d@Y\@Q`@@|@ENyA`C[R}@JOJO^D\t@Cz@b@j@DhAWjAC~@U^A^Q\CNDGCBCFHTBEBGa@?o@Fg@Jq@~@}C^mBd@}@tAoBb@u@|@{BbAwC\g@d@_@DJEGDICKi@e@UMo@IQOUe@OKcAKKKFi@r@yAPCj@\PBf@KDE?MI@APC?OKk@Hk@Gu@iAu@q@[Go@_@m@K_BqAMBE\INGn@U`@k@KM@EJ]AWScAqAOCa@u@KEQHBAAMLANHVZn@jAl@h@lAFJJXET[N_@Dw@DQDA^TH?@EVRn@A`@FpA~@rAb@`@?NIl@Fz@AbAOb@RvAOzBoAtAgAd@Qt@s@\iAr@eB~BqDfAeA`Aq@^a@?Kg@eB_@q@c@sAIOIAPIAETa@d@c@Gi@DkABAHZVIjB{AFWK_@k@gAeBkEQi@@g@MYDUhByAr@mAIMk@WSUt@{@P]VkAv@s@jC}AbAe@bFqAFi@ZILo@JS`BuADSCUHMAG@F@EIACGXSDM@HCBGI?PBKEMJNDK?DBCCI?NHE?DCEF@AIDIE?FHQHFB?FGAPG@EC??FHMR?TSJHXEj@Q|@IBGAGc@wADSh@IEFTM`AMHGE@FBCNUJTL@E?KQSiBJQo@AyAEOYeAUQqA?_AOe@TYDU?QKScAFK@WOcAUs@?UIC@KIMO@CQEDFID@CC,2,10.0,68.7,274.2,False,205.8,43.1,4311995647,
2,Hotel W #2,26745.9,7271,9028,90.0,Ride,Ride,3972183807,2020-08-27T07:13:54Z,2020-08-27T09:13:54Z,(GMT+01:00) Europe/Madrid,7200.0,,,,61,0,0,1,0,False,False,False,False,everyone,False,,"[41.458481, 2.250998]","[41.462037, 2.249748]",3.678,10.1,False,False,False,4251984846.0,6a9cdbb1-64df-42d5-b893-8c06e9b4e4f0-activity.fit,False,37,0,False,41979529,1,a3972183807,oj`|FusvLJ?Q@^bAC\_C~B{@xDs@AMXF[CsAo@cB?w@f@eAx@q@Tk@PSRHMEJ@@kB\}B\w@`@qB?]TSf@kBvCwFxGiH`@M?]b@}@|FoGKMl@K`@c@lHlK|L`NxFrGl@fAtEjFf@VlDpDbNnOtIzIxYhUrAr@vA\fAtAxEvDr@z@rE|ClA`BxOzLZAJ^lBhBjMzJdCrA~DlCpDzCBRxChBbIzGhANH^\\bOhL|KfJhBrB`B~@d@p@v@b@RVHTtDpChHdGnBfC|@l@~@NvAzBr@El@n@NMNq@hBrBD`@j@Dj@ArEyBr@k@j@mApAs@b@w@xCdAfA`AlAhBR~@t@TfCjEn@Ch@XPh@|AbBVj@xBxB~A|CzBbBxDzFhBlAjBp@xB`B@`@d@j@r@nBfApAxOdKx@jAjBrE@h@zFfJbAl@rDxEfEjC|@VvBhB|BjD~BxIxAnD~ArBpBf@z@l@`EjGnAt@`CpDVE~AsCl@Kz@lCjCfDzB|DfDnCzF`DfTzKjA^jGtD~An@pAbAfCl@`Ap@`Ch@rBvApEz@zSnBzBgAt@?jAk@nADfASBMa@sALF?^X|@uA[m@Bo@Yu@n@]hAm@CkCp@yNkAaH}@gFkCcB_@w@q@_Co@_Aq@eBm@kFiDsCgA_^kR}@qA[aAoDmFi@a@_@k@]aAm@@k@|@s@t@_@L}GmKiA{AcAYg@w@mB_@w@s@gAkB}@yByBiIaBsC}A}AeFiCsCaCgLaPEaAcAyAi@wBm@s@uBgBaNaJe@m@o@eCw@cAyCuAiC}AwQeXmAiAq@LUS_@R_DaFkEiFwCkAy@Vi@Eg@f@IQMDkApA]`AkBrCy@N_AWLSEQwA{@gB`@XSg@Pi@s@}B_Bc@w@}CuAi@cAeAmA_Bw@oJaJwAcA{@{@Ke@_AYUa@sZ{VyBcB]EiDuCO?sG{FgD{BkGiFaCiAiCkB}AqBuDaCkQcNkByAB}@MSm@CkFqEm@QkFwD{AqBsAYy@i@cSeO_HgGg@SuKiLw@oAwFsGw@g@sBeC_Am@kBqBgCuCi@cAcAy@aFiG{FgGgG{HcCaEkB`AyBvBiCbDGj@kAx@sFtG}BhFe@f@c@~A[jCIVICo@tBi@tCe@`@}AlCiAv@g@FOZsAHg@ZsCc@c@d@Z[QO,2,10.0,56.3,409.6,False,47.1,6.8,4251984846,
2,Vilassar,25023.3,8463,10002,56.6,Ride,Ride,3967574653,2020-08-26T07:37:51Z,2020-08-26T09:37:51Z,(GMT+01:00) Europe/Madrid,7200.0,,,,6,0,0,1,0,False,False,False,False,everyone,False,,"[41.455871, 2.256738]","[41.462025, 2.24979]",2.957,9.9,False,False,False,4247060476.0,05ae7636-ff42-45b9-b743-1f7175d5f190-activity.fit,False,3,0,False,41979529,1,a3967574653,ez_|FqwwLKDAEHUOML_@dDyClB{BfAi@Di@iDgFuS{\eBsDoE{HqBwECoBHi@gC_G{@oA}C}GW@c@n@QCa@}AVHLSNk@Ai@E[k@a@ScA[Sy@@s@[e@c@AWa@y@m@g@}@wDmAcCq@aCi@sCN{@e@AC]LM[cA]cFWUs@PQIu@oCQKQm@EaBaBqH[m@aAgFGB]sB{B}F]cBsDkKkFqRqEuO_AsCuAwFyAoEoBsHmEeUyGgYiB{IQoA?u@}Iql@UkC]{Ag@sFm@qDBw@GAFj@Ds@u@qAcBgM_H_f@cBeKiBaOK?NHGSDBCZGKOyBIE{AqMc@aC@a@YyCsA{Iy@qI_@qAK}AcA{Fa@eAWeCs@yDe@mAw@gFaCuKy@eHeAgGu@wCMyADIKIENHDG@@c@OCUmCmAqG}BcIY{BcC{KkAkG{@gF{Lii@|@UfAaA\w@?i@}AqDoAiBwD_JmAoAc@s@kAeFUsA@WMM?U_@YBOm@_CAaAWa@]aBBa@a@UeADNBe@IEc@Q]OaBkAwEf@xBfAjC@bAQl@Lt@l@p@v@bCfA~Fp@xCT`@l@xCVfBTd@@h@f@f@r@bDF~@`A`DPdBd@nACdBSNZ^D`@e@lAPFlAq@PF~A`GPxAtBfJVv@M~@r@r@Zx@DPGAAVl@tBGLpAj@|A|GrDtSAOEX`@~@^tB~ArGXp@r@`DCV\vBp@hCA`Av@pCtAnJZjAbAlH`@lAdAlGjA|ElAnGJVH?GFJX~@xGT`Cf@zAv@tI~D~[xEx]Hf@JCQMGX|@xCEN`B`KlA~JT~@DvB|A~GBx@XfAf@zFVtAh@hAR`E~@tETvCxA`K~CjRDpAtA~ID~AJnAxBrKfJ~_@fCrNjA`FzCzJTtAp@fB`AfDp@xC^~@AM?b@`@p@x@xDj@xAjG|TtAdE~ClIdHnYpAxG|@G\Vr@nGFhBbAzEn@lAvCfI~AfChA~DXh@`@FdA`DdAfBt@jBHn@d@^|@pBNh@GH~FdJd@|At@tAl@n@Xz@xAnBJd@lBrDHv@^v@`CfCjFjJZCb@tAd@h@PjAn@`@\h@t@tCZJFZ~AvAE@BPcFxEeBtBWd@C^qBdBuDnEuA~BgC|FRNo@dAsAbI}@vAm@X}@`CcAHm@^{Bj@sAKaA]SHMYH?LXAZAQJCOSJ@OA,2,10.0,54.1,457.8,False,47.1,4.4,4247060476,
2,Hotel W,26343.0,7559,8872,80.8,Ride,Ride,3962633949,2020-08-25T07:13:30Z,2020-08-25T09:13:30Z,(GMT+01:00) Europe/Madrid,7200.0,,,,21,0,0,1,0,False,False,False,False,everyone,False,,"[41.459814, 2.252759]","[41.462016, 2.249777]",3.485,10.4,False,False,False,4241797338.0,03bd5a7b-81bf-4061-a0d4-a30b5685b010-activity.fit,False,17,0,False,41979529,1,a3962633949,yr`|Fu~vL~Dr@NUEm@J_Av@UN_BbAgC|AkChDeDrBuCh@@Be@QDXe@tCyCnB_CRAr@o@\AlBjDrD|ErPlRrBlBH^hArAdF|FtDdDd@t@~JfK`EdFpEzDz@hA|EpDnEvCjKjIvC~@p@`AzFxEj@|@fA`@v@v@^Dj@b@lA~BnDjB|K~J~BzAhJ|HtR~MzKzI~@DBd@`Az@`TjP|ErEn@`@EIJ?r@hB|BdAxK`KbBnAXd@|BxAd@~AfCz@xBnBpASBPRDx@dAH~@`@R|AYpAu@dDqDxAgA`@JDw@Z_@lA^jBrAhB~Bv@tAb@L\z@pBjC`ADdBdBLd@`@`@Jf@^`@xAv@tAvBh@`BTHf@bAj@`@jApBpCrDr@tA~@dALAAkAJc@lB~@v@fAtAnDlE~CHVj@PlG`EbAdAbBfEpAfBhAnAdIfMvB`ClG~C|BxCbAnBpC`Kp@tAvA|Al@`@~@LnAjA|EdH|@Z~BrDRAf@cAjAsAX?l@bB`@ZPf@zCbEpAdCl@j@`^xQ~ArAfCz@lBzAdDbBx@r@bDjAlEnApAhAzBl@zUtBzCaAVNlCuA~ALJOOgAGl@HXIHaBc@SOHGs@Gg@Xc@x@UtAOO{@~@w@ViDqA{@GOLg@UeIo@}F}@}@a@yAqAcBWiAw@mCw@{EyCuEaC{@Uc`@oSqB{DkGuI_@?eB|BWDsDkG{E{Gk@Wc@HwA]cBkBw@yAy@eCmAoFcBaDwCyCgH}DuBcCeJyMMwA}@_Aa@aB{@mAgDeC_AqA{@c@u@DoBs@_@i@U}@cCwAU[CiAm@uAiI_FyEmGmKaP_@Ws@Ba@g@FRIL[IaA_BaBgBkA_Cw@YwAaCmB[_A@SRk@DsAjCkC~Cs@b@s@Lg@Oe@e@yAmC{@x@YDk@eA{Ay@_@m@UCk@m@Jr@][_@A}AiC_BaAwAeAgKcKgCwAmBeCiAq@oGsFsRmOC[i@?yYsU}AgAmAa@iTiQkFyDmDyCD_@g@iA_C}@kCyBcAe@qEkDIBaAcBqD{Aa]eXaLsLmHiIO]yA{Aq@MeIqJMa@yBuBsBoCqCsCmA_BWu@aBkAmAaB_C{Bm@{AuBsC]GmAt@eC`C}AlB]RAbAmAp@o@dAaEfEiAnB_AbC_@b@w@rCSb@SFCfA_@bCy@nDiDjDcA^Q\{@BmAd@}Bm@]?GTLOKJEWH@,2,10.0,50.9,385.0,False,47.0,6.8,4241797338,
2,pinchazo,19875.8,5763,7728,63.8,Ride,Ride,3958152948,2020-08-24T07:50:06Z,2020-08-24T09:50:06Z,(GMT+01:00) Europe/Madrid,7200.0,,,,2,0,0,1,0,False,False,False,False,everyone,False,,"[41.409275, 2.22212]","[41.462005, 2.249775]",3.449,30.4,False,False,False,4237035213.0,3fd0a560-9fe7-4012-b8b2-100c149ef313-activity.fit,False,1,0,False,41979529,1,a3958152948,}vv{Fg_qLa@UKhAsHvK`JkMgAKhANaF}@HVFOdEn@oJ~K~HqKLEuJ~LrBtCjH{QkA`@nAc@u@hBuGEfIaBgBiBdBhB`IfQoIiRN`@IdAa@\rH~ReIySoGCnGy@fAg@ULeEq@LWxAxBdBSAd@Ju@F|@Ii@a@a@^Ni@n@b@k@k@o@}@xCVLmAvBx@m@sEbC}A~AU^Cj@Me@MZN}@U|@r@GQMa@TVk@MXMCX\EBNW_@DKRY|Fe@n@c@OmDbAPEmBjE@\Wf@MIcA\K`AeAzA|@~@Bt@`@dBz@v@HMa@d@^]m@Nl@a@]~@vA~BtAxAOYz@_@{@d@bA|Al@`@FmCRHyDeGv@_ChAzMd@h@\Ge@Fe@Ub@x@f@\L`@b@I_@d@BXIY?p@`AaAMb@TJRaALEeAhBF_Al@k@_B`AKfCpBqEa@tEZ{BIK_B`FhB{FPeAcA~FD{A_@I{@~Bp@gFXu@d@BsBSg@gAb@e@UVDWsDsG}ByCOu@]SHEGOWYa@?g@{@d@VTpAND`@tAfAfAS?m@o@LC~@hAR|@hB~Cb@\?f@l@H|@nAaAiAUB_@dAkApAwAjC}@t@Sb@Ef@i@Z}AbCSHBP[r@mCbDO??Xm@~@YHa@a@wAeAe@AsEeDHeATAGVMs@LJETASY?e@y@z@n@WFb@J_@m@`@pAc@YLVMe@d@JCOFVEYHm@FHXQNXjBO~@_BjA_A^kAb@yCl@kBROz@cC`BmBnA_CrAoAtAgDv@c@`@iAdAo@x@yBj@UGy@nBwDp@u@G?L?BQO@@RJLIGXCh@g@D}@c@}@eBkBu@_@Wc@Wk@BWg@TMQvAb@q@o@uAYO?EUi@_@S{@mA_A?VQWCTu@wAm@WgAw@iA{AyIeHgAoAiCgBgAyA}G{F_VuRoAi@aBuAIc@LCDTBOoAUmT}P{BeAaMkKy@a@cPiMi@k@G{@_@m@_AUeBeAWBI]{@w@}GwEy@aBsBe@yJiIeA_@qHwFoA}Ag@M}D_DwQiSoAiBwC_C_MeNeBgCsEyEuFsGkDwEyBuDQMgBnAeDdDqA|AFx@O`@SCc@VoG~G}ChGq@tBEf@q@CPpAm@vDi@pB{A|Bq@v@u@^Wf@gDv@cDk@O^RL?UOc@,2,10.0,66.4,382.9,False,46.9,6.8,4237035213,
2,1er dia,1734.1,620,621,30.8,Run,Run,3111482110,2020-02-18T19:06:53Z,2020-02-18T20:06:53Z,(GMT+01:00) Europe/Madrid,3600.0,,,,0,0,0,1,0,False,False,False,True,only_me,False,,"[41.461993, 2.249717]","[41.461954, 2.249725]",2.797,15.0,False,False,False,3323149547.0,f6fcc8e5-560a-494a-a69a-34793aa3df50-activity.fit,False,0,0,False,41979529,1,a3111482110,m`a|FukvLA?B@kBw@VP]@e@Lw@O]ASP]~@YVWSMBSRa@bA[XSJmA^qAj@e@d@c@Fi@A_@RENQ\E?MGMTCROh@OfBId@SRc@|@WHQLCDEz@]zBPYHQpC_JOTCJr@qBPs@R_@F]XSv@Il@PpAs@xA}@j@YAR@FDHDEDEX}@D}@f@sDLXd@zB@XDBIHE?Ga@DOJOVEl@A|@GZ@lB\,2,0.0,,,,80.7,48.5,3323149547,
2,Caminata a la hora del almuerzo,5469.5,4013,5277,132.3,Walk,Walk,2353573507,2019-05-09T09:34:44Z,2019-05-09T11:34:44Z,(GMT+01:00) Europe/Madrid,7200.0,,,,0,0,0,1,0,False,False,False,False,everyone,False,,"[41.464737, 2.230904]","[41.465036, 2.231238]",1.363,6.5,False,False,False,2503806351.0,c3dad0bd6cee61a1af810380db8a4c5c,False,0,0,False,41979529,1,a2353573507,qqa|FcvrLBd@Tb@JRDD`@r@NBT`@l@TJFZ~@HJN\b@d@XLNDNKPHKQMCKDWCSGII?FXJP@FFFBRGP@JEv@lAMUEABLD?\\JD`@t@JJF@AIGEDHNNHVE@?OECKh@GLGHo@f@KTU\AHONQZG\URUF[@[JMA]NKJSXi@ZWBWNYFGJq@VIJYRWV_@Aa@YD?NLCBGA@OBE@F?FFJCZCEMDCAKGYCe@Qi@IG?QNY`@QLk@DWHe@z@AJJp@@FE[CEJbANh@PnA@PCEAHHLA^FVWn@FZFIBDAG?FHQ?UC`@CFGCD@E@LCDECEe@EWBk@Ge@K?G^I`@o@DKAIIOQGAE?IXc@x@S?ILGHMJBHACCELE?KU@PHIPLDC@Fe@BXIDOc@TDR?PCLIJEW?_@CEE?AGAo@BCAOAF@GD@BD]_@?IE@CCD?BD@^DNCFNx@DN?DE?BHB^TSCDIb@DP?XBDBVGJBb@ALD@E@@DKNCNMn@B^W^@NG?BDDCAUJWAUFUKHGNIGKOM[[aAECUAICSUi@IIG]a@EMS_B]_B@DELBPFBBDJv@@VGt@@NFLHF\TN@p@VXP`@?r@Nd@@ZL?FONIR?FIFAFDbAINKAGLKCSVa@Va@`@E@YPCF]ZE@W^Uv@q@h@?F}@r@]`@KPI\AXBL?VGV@PE^Yt@GJGTg@LSEWFK?QFAHMNQDE?KQGCOWIa@CqAD_@CMD@K?Lk@HBBFCNWVBMFC@[?GCE@We@gAQYEQW[Im@SOCECQMSUSQGEGKGkAQe@]UKSEEMFk@hAaCRYj@MBEDOBa@CQ?a@W}@_@eB?mCLU?QDENk@N[VYHWHG@IJERGHKD?ADHNRQNWLALKLAPQR?He@FMRKLCD@BDGX?FCE@FDBDEL?FM?GPEDFRAJQJLJ@QCb@oBJEFM@ODCVGFBBAHO?UFYZSBEDO?FFADGHGF@DELUFe@LM^FXKLORe@DYJUj@k@p@a@Xc@j@_@HQDW^k@Jq@Re@VQFAX@\EFCBE@s@E{@DMBgADGFEHCLFT^LH^`@Rp@HN,2,,,,,155.5,81.8,2503806351,
